record_type,record_no,product_type,start_period,close_period
Loan,LN2024,Consumer - KPR Non Subsidi,2024-01,2024-08
Loan,LN2025,Commercial - Investasi,2024-01,2025-07
Loan,LN2026,Consumer - KPR Non Subsidi,2024-01,2026-01
Loan,LN2027,Consumer - KPR Subsidi,2024-01,2025-11
Loan,LN2028,Commercial - Investasi,2024-01,2024-12
Loan,LN2029,Consumer - KPR Non Subsidi,2024-01,2026-09
Loan,LN2030,Commercial - Investasi,2024-01,2026-09
Loan,LN2031,Commercial - Investasi,2024-01,2025-06
Loan,LN2032,Commercial - Investasi,2024-01,2026-09
Loan,LN2033,Consumer - KPR Subsidi,2024-01,2026-09
Loan,LN2034,Commercial - Investasi,2024-01,2025-03
Loan,LN2035,Consumer - KPR Subsidi,2024-01,2026-09
Loan,LN2036,Consumer - KPR Subsidi,2024-01,2025-02
Loan,LN2037,Consumer - Multimanfaat,2024-01,2026-09
Loan,LN2038,Consumer - KPR Subsidi,2024-01,2024-11
Loan,LN2039,Consumer - KPR Subsidi,2024-01,2026-02
Loan,LN2040,Consumer - KPR Non Subsidi,2024-01,2025-03
Loan,LN2041,Consumer - KPR Non Subsidi,2024-01,2026-08
Loan,LN2042,Commercial - Modal Kerja,2024-01,2025-02
Loan,LN2043,Commercial - Modal Kerja,2024-01,2025-09
Loan,LN2044,Commercial - Modal Kerja,2024-01,2026-09
Loan,LN2045,Commercial - Modal Kerja,2024-01,2025-06
Loan,LN2046,Consumer - KPR Subsidi,2024-01,2026-06
Loan,LN2047,Commercial - Konstruksi,2024-01,2025-03
Loan,LN2048,Commercial - Modal Kerja,2024-01,2026-09
Loan,LN2049,Commercial - Konstruksi,2024-01,2025-08
Loan,LN2050,Commercial - Modal Kerja,2024-01,2025-05
Loan,LN2051,Consumer - KPR Subsidi,2024-01,2026-09
Loan,LN2052,Consumer - Multimanfaat,2024-01,2024-09
Loan,LN2053,Commercial - Investasi,2024-01,2025-07
Loan,LN2054,Consumer - KPR Non Subsidi,2024-01,2026-05
Loan,LN2055,Commercial - Konstruksi,2024-01,2026-09
Loan,LN2056,Consumer - KPR Subsidi,2024-01,2026-05
Loan,LN2057,Commercial - Investasi,2024-01,2025-07
Loan,LN2058,Commercial - Konstruksi,2024-01,2025-07
Loan,LN2059,Consumer - Non KPR,2024-01,2024-07
Loan,LN2060,Commercial - Investasi,2024-01,2026-02
Loan,LN2061,Consumer - KPR Non Subsidi,2024-01,2025-10
Loan,LN2062,Consumer - KPR Non Subsidi,2024-01,2025-08
Loan,LN2063,Commercial - Investasi,2024-01,2026-09
Loan,LN2064,Commercial - Investasi,2024-01,2026-02
Loan,LN2065,Consumer - KPR Non Subsidi,2024-01,2025-03
Loan,LN2066,Consumer - KPR Subsidi,2024-01,2025-04
Loan,LN2067,Consumer - KPR Subsidi,2024-01,2025-05
Loan,LN2068,Consumer - KPR Subsidi,2024-01,2025-12
Loan,LN2069,Consumer - KPR Non Subsidi,2024-01,2026-09
Loan,LN2070,Consumer - KPR Non Subsidi,2024-01,2026-09
Loan,LN2071,Consumer - Multimanfaat,2024-01,2026-08
Loan,LN2072,Commercial - Investasi,2024-01,2025-10
Loan,LN2073,Consumer - KPR Subsidi,2024-01,2024-08
Loan,LN2074,Commercial - Konstruksi,2024-01,2026-07
Loan,LN2075,Consumer - Non KPR,2024-01,2026-09
Loan,LN2076,Commercial - Investasi,2024-01,2026-09
Loan,LN2077,Commercial - Modal Kerja,2024-01,2026-07
Loan,LN2078,Commercial - Konstruksi,2024-01,2026-05
Loan,LN2079,Consumer - Multimanfaat,2024-01,2025-05
Loan,LN2080,Consumer - Multimanfaat,2024-01,2024-06
Loan,LN2081,Commercial - Konstruksi,2024-01,2026-06
Loan,LN2082,Consumer - KPR Non Subsidi,2024-01,2026-09
Loan,LN2083,Consumer - KPR Non Subsidi,2024-01,2025-05
Loan,LN2084,Consumer - KPR Subsidi,2024-01,2026-09
Loan,LN2085,Consumer - KPR Non Subsidi,2024-01,2026-09
Loan,LN2086,Commercial - Investasi,2024-01,2026-03
Loan,LN2087,Commercial - Konstruksi,2024-01,2024-07
Loan,LN2088,Commercial - Konstruksi,2024-01,2025-04
Loan,LN2089,Consumer - Non KPR,2024-01,2026-08
Loan,LN2090,Consumer - Multimanfaat,2024-01,2025-12
Loan,LN2091,Consumer - KPR Non Subsidi,2024-01,2025-09
Loan,LN2092,Consumer - Multimanfaat,2024-01,2026-09
Loan,LN2093,Consumer - KPR Non Subsidi,2024-01,2026-09
Loan,LN2094,Commercial - Modal Kerja,2024-01,2025-03
Loan,LN2095,Consumer - KPR Subsidi,2024-01,2025-09
Loan,LN2096,Consumer - KPR Subsidi,2024-01,2025-02
Loan,LN2097,Consumer - KPR Non Subsidi,2024-01,2026-01
Loan,LN2098,Consumer - Non KPR,2024-01,2026-09
Loan,LN2099,Consumer - KPR Subsidi,2024-01,2026-08
Loan,LN2100,Consumer - KPR Non Subsidi,2024-01,2026-09
Loan,LN2101,Consumer - KPR Subsidi,2024-01,2024-10
Loan,LN2102,Consumer - KPR Subsidi,2024-01,2026-01
Loan,LN2103,Consumer - KPR Non Subsidi,2024-01,2025-10
Loan,LN2104,Consumer - Multimanfaat,2024-01,2025-04
Loan,LN2105,Commercial - Investasi,2024-01,2026-09
Loan,LN2106,Consumer - KPR Subsidi,2024-01,2026-07
Loan,LN2107,Consumer - KPR Non Subsidi,2024-01,2026-05
Loan,LN2108,Consumer - KPR Non Subsidi,2024-01,2025-05
Loan,LN2109,Commercial - Investasi,2024-01,2025-02
Loan,LN2110,Consumer - KPR Subsidi,2024-01,2026-09
Loan,LN2111,Consumer - KPR Subsidi,2024-01,2024-12
Loan,LN2112,Commercial - Investasi,2024-01,2026-03
Loan,LN2113,Consumer - KPR Non Subsidi,2024-01,2026-09
Loan,LN2114,Consumer - KPR Subsidi,2024-01,2025-09
Loan,LN2115,Commercial - Modal Kerja,2024-01,2024-07
Loan,LN2116,Consumer - KPR Non Subsidi,2024-01,2026-05
Loan,LN2117,Consumer - KPR Subsidi,2024-01,2025-09
Loan,LN2118,Commercial - Investasi,2024-01,2025-08
Loan,LN2119,Commercial - Modal Kerja,2024-01,2026-01
Loan,LN2120,Consumer - KPR Non Subsidi,2024-01,2026-01
Loan,LN2121,Commercial - Konstruksi,2024-01,2025-03
Loan,LN2122,Consumer - KPR Subsidi,2024-01,2024-07
Loan,LN2123,Commercial - Investasi,2024-01,2026-09
Loan,LN2124,Consumer - Non KPR,2024-01,2026-05
Loan,LN2125,Consumer - KPR Subsidi,2024-01,2026-09
Loan,LN2126,Commercial - Investasi,2024-01,2025-02
Loan,LN2127,Consumer - KPR Non Subsidi,2024-01,2024-12
Loan,LN2128,Consumer - KPR Non Subsidi,2024-01,2026-09
Loan,LN2129,Commercial - Konstruksi,2024-01,2024-10
Loan,LN2130,Consumer - KPR Non Subsidi,2024-01,2026-09
Loan,LN2131,Consumer - KPR Subsidi,2024-01,2026-08
Loan,LN2132,Consumer - Non KPR,2024-01,2025-04
Loan,LN2133,Commercial - Konstruksi,2024-01,2025-09
Loan,LN2134,Consumer - KPR Subsidi,2024-01,2026-09
Loan,LN2135,Commercial - Modal Kerja,2024-01,2026-09
Loan,LN2136,Consumer - Non KPR,2024-01,2024-09
Loan,LN2137,Commercial - Investasi,2024-01,2025-10
Loan,LN2138,Consumer - KPR Non Subsidi,2024-01,2026-03
Loan,LN2139,Commercial - Modal Kerja,2024-01,2026-01
Loan,LN2140,Consumer - KPR Non Subsidi,2024-01,2025-10
Loan,LN2141,Consumer - Non KPR,2024-01,2026-08
Loan,LN2142,Consumer - Multimanfaat,2024-01,2026-09
Loan,LN2143,Consumer - Multimanfaat,2024-01,2024-06
Loan,LN2144,Commercial - Investasi,2024-06,2026-09
Loan,LN2145,Consumer - Multimanfaat,2024-09,2026-09
Loan,LN2146,Commercial - Modal Kerja,2024-03,2025-05
Loan,LN2147,Consumer - KPR Subsidi,2024-02,2026-02
Loan,LN2148,Commercial - Modal Kerja,2024-09,2026-09
Loan,LN2149,Consumer - Multimanfaat,2024-07,2026-09
Loan,LN2150,Consumer - KPR Non Subsidi,2024-04,2024-11
Loan,LN2151,Consumer - KPR Subsidi,2024-08,2026-07
Loan,LN2152,Consumer - Multimanfaat,2024-07,2026-09
Loan,LN2153,Commercial - Modal Kerja,2024-01,2026-09
Loan,LN2154,Consumer - KPR Subsidi,2024-05,2026-09
Loan,LN2155,Consumer - KPR Non Subsidi,2024-06,2026-06
Loan,LN2156,Commercial - Modal Kerja,2024-07,2026-09
Loan,LN2157,Consumer - KPR Subsidi,2024-07,2025-11
Loan,LN2158,Commercial - Konstruksi,2024-05,2026-09
Loan,LN2159,Consumer - KPR Non Subsidi,2024-07,2026-09
Loan,LN2160,Consumer - Non KPR,2024-03,2026-09
Loan,LN2161,Consumer - Multimanfaat,2024-04,2026-09
Loan,LN2162,Consumer - Non KPR,2024-07,2026-07
Loan,LN2163,Commercial - Modal Kerja,2024-06,2026-08
Loan,LN2164,Consumer - KPR Subsidi,2024-07,2025-06
Loan,LN2165,Consumer - KPR Subsidi,2024-01,2026-09
Loan,LN2166,Commercial - Investasi,2024-08,2026-09
Loan,LN2167,Commercial - Modal Kerja,2024-04,2026-09
Loan,LN2168,Commercial - Modal Kerja,2024-02,2025-02
Loan,LN2169,Commercial - Konstruksi,2024-02,2026-09
Loan,LN2170,Consumer - KPR Non Subsidi,2024-04,2026-09
Loan,LN2171,Commercial - Modal Kerja,2024-07,2025-09
Loan,LN2172,Consumer - Multimanfaat,2024-01,2026-05
Loan,LN2173,Commercial - Modal Kerja,2024-05,2026-04
Loan,LN2174,Commercial - Investasi,2024-05,2026-04
Loan,LN2175,Consumer - KPR Non Subsidi,2024-04,2026-09
Loan,LN2176,Consumer - KPR Subsidi,2024-05,2026-09
Loan,LN2177,Commercial - Investasi,2024-08,2026-09
Loan,LN2178,Consumer - Multimanfaat,2024-01,2025-01
Loan,LN2179,Consumer - KPR Subsidi,2024-09,2026-09
Loan,LN2180,Consumer - Non KPR,2024-01,2025-03
Loan,LN2181,Consumer - KPR Subsidi,2024-02,2025-02
Loan,LN2182,Consumer - Non KPR,2024-02,2026-09
Loan,LN2183,Commercial - Modal Kerja,2024-01,2026-03
Loan,LN2184,Consumer - KPR Non Subsidi,2024-01,2025-02
Loan,LN2185,Consumer - KPR Non Subsidi,2024-06,2025-02
Loan,LN2186,Consumer - KPR Subsidi,2024-03,2025-10
Loan,LN2187,Consumer - KPR Subsidi,2024-03,2025-03
Loan,LN2188,Consumer - Non KPR,2024-09,2026-09
Loan,LN2189,Consumer - KPR Subsidi,2024-05,2025-08
Loan,LN2190,Consumer - KPR Non Subsidi,2024-04,2026-09
Loan,LN2191,Commercial - Investasi,2024-06,2026-05
Loan,LN2192,Commercial - Modal Kerja,2024-07,2025-11
Loan,LN2193,Consumer - KPR Subsidi,2024-05,2026-09
Loan,LN2194,Consumer - KPR Subsidi,2024-07,2025-10
Loan,LN2195,Commercial - Konstruksi,2024-03,2026-03
Loan,LN2196,Commercial - Investasi,2024-02,2026-09
Loan,LN2197,Consumer - KPR Non Subsidi,2024-01,2025-07
Loan,LN2198,Consumer - KPR Non Subsidi,2024-04,2025-04
Loan,LN2199,Commercial - Modal Kerja,2024-04,2025-03
Loan,LN2200,Consumer - Non KPR,2024-05,2025-11
Loan,LN2201,Commercial - Konstruksi,2024-03,2025-07
Loan,LN2202,Commercial - Konstruksi,2024-08,2026-01
Loan,LN2203,Commercial - Investasi,2024-07,2026-07
Loan,LN2204,Consumer - KPR Subsidi,2024-10,2026-09
Loan,LN2205,Consumer - KPR Subsidi,2024-12,2026-09
Loan,LN2206,Commercial - Konstruksi,2025-02,2026-07
Loan,LN2207,Consumer - KPR Subsidi,2025-04,2026-09
Loan,LN2208,Commercial - Modal Kerja,2024-10,2026-09
Loan,LN2209,Consumer - Multimanfaat,2025-05,2026-09
Loan,LN2210,Commercial - Investasi,2025-03,2026-09
Loan,LN2211,Consumer - KPR Non Subsidi,2025-03,2026-09
Loan,LN2212,Consumer - KPR Subsidi,2025-04,2026-09
Loan,LN2213,Commercial - Konstruksi,2025-03,2025-10
Loan,LN2214,Commercial - Konstruksi,2024-10,2026-09
Loan,LN2215,Consumer - KPR Subsidi,2025-07,2026-09
Loan,LN2216,Consumer - KPR Non Subsidi,2024-10,2025-11
Loan,LN2217,Consumer - KPR Non Subsidi,2024-12,2026-01
Loan,LN2218,Commercial - Modal Kerja,2024-10,2026-09
Loan,LN2219,Consumer - Non KPR,2025-07,2026-08
Loan,LN2220,Consumer - KPR Non Subsidi,2025-03,2026-04
Loan,LN2221,Consumer - KPR Subsidi,2025-04,2026-09
Loan,LN2222,Consumer - Multimanfaat,2025-05,2026-09
Loan,LN2223,Consumer - KPR Non Subsidi,2024-10,2026-09
Loan,LN2224,Commercial - Modal Kerja,2025-01,2026-03
Loan,LN2225,Commercial - Investasi,2025-01,2026-09
Loan,LN2226,Commercial - Modal Kerja,2025-03,2026-09
Loan,LN2227,Commercial - Konstruksi,2024-10,2025-12
Loan,LN2228,Consumer - KPR Subsidi,2025-04,2026-09
Loan,LN2229,Consumer - Multimanfaat,2024-12,2026-09
Loan,LN2230,Consumer - KPR Non Subsidi,2025-01,2026-09
Loan,LN2231,Consumer - KPR Subsidi,2025-05,2026-09
Loan,LN2232,Commercial - Investasi,2025-01,2026-06
Loan,LN2233,Consumer - KPR Non Subsidi,2025-03,2026-09
Loan,LN2234,Commercial - Investasi,2025-05,2026-04
Loan,LN2235,Commercial - Modal Kerja,2024-12,2026-09
Loan,LN2236,Consumer - Multimanfaat,2025-05,2026-09
Loan,LN2237,Commercial - Modal Kerja,2024-12,2026-04
Loan,LN2238,Consumer - KPR Subsidi,2024-12,2026-09
Loan,LN2239,Consumer - KPR Subsidi,2025-07,2026-09
Loan,LN2240,Commercial - Modal Kerja,2024-12,2026-07
Loan,LN2241,Commercial - Konstruksi,2025-01,2025-07
Loan,LN2242,Consumer - Non KPR,2025-06,2026-08
Loan,LN2243,Consumer - KPR Non Subsidi,2024-11,2026-09
Investment,INV2024,Surat berharga yang dimiliki - Pemerintah,2024-12,2026-03
Investment,INV2025,Surat berharga yang dimiliki - Pemerintah,2024-11,2026-08
Investment,INV2026,Penempatan dan Giro - Bank Lain,2025-02,2026-04
Investment,INV2027,Penempatan dan Giro - Bank Indonesia,2024-05,2026-06
Investment,INV2028,Penempatan dan Giro - Bank Indonesia,2024-05,2025-06
Investment,INV2029,Penempatan dan Giro - Bank Indonesia,2025-01,2026-09
Investment,INV2030,Surat berharga yang dimiliki - Bank Indonesia,2025-01,2025-06
Investment,INV2031,Surat berharga yang dimiliki - Pemerintah,2025-06,2026-09
Investment,INV2032,Penempatan dan Giro - Bank Indonesia,2024-03,2025-04
Investment,INV2033,Surat berharga yang dimiliki - Korporasi,2024-12,2025-09
Investment,INV2034,Penempatan dan Giro - Bank Lain,2025-07,2026-09
Investment,INV2035,Surat berharga yang dimiliki - Bank Indonesia,2024-01,2025-05
Investment,INV2036,Surat berharga yang dimiliki - Pemerintah,2024-03,2025-01
Investment,INV2037,Surat berharga yang dimiliki - Pemerintah,2025-09,2026-07
Investment,INV2038,Surat berharga yang dimiliki - Korporasi,2025-02,2025-10
Investment,INV2039,Penempatan dan Giro - Bank Indonesia,2024-07,2025-07
Investment,INV2040,Surat berharga yang dimiliki - Korporasi,2025-08,2026-09
Investment,INV2041,Surat berharga yang dimiliki - Bank Indonesia,2025-01,2026-09
Investment,INV2042,Penempatan dan Giro - Bank Indonesia,2024-12,2025-07
Investment,INV2043,Surat berharga yang dimiliki - Pemerintah,2025-10,2026-09
Investment,INV2044,Surat berharga yang dimiliki - Bank Indonesia,2024-12,2025-06
Investment,INV2045,Surat berharga yang dimiliki - Bank Lain,2025-08,2026-09
Investment,INV2046,Surat berharga yang dimiliki - Bank Indonesia,2025-02,2025-08
Investment,INV2047,Surat berharga yang dimiliki - Pemerintah,2024-11,2026-08
Investment,INV2048,Surat berharga yang dimiliki - Bank Indonesia,2024-08,2026-08
Investment,INV2049,Surat berharga yang dimiliki - Pemerintah,2025-05,2026-06
Investment,INV2050,Penempatan dan Giro - Bank Indonesia,2024-10,2026-09
Investment,INV2051,Penempatan dan Giro - Bank Lain,2025-06,2026-04
Investment,INV2052,Surat berharga yang dimiliki - Pemerintah,2025-03,2026-09
Investment,INV2053,Surat berharga yang dimiliki - Pemerintah,2025-07,2026-09
Investment,INV2054,Surat berharga yang dimiliki - Pemerintah,2025-05,2026-09
Investment,INV2055,Surat berharga yang dimiliki - Pemerintah,2025-03,2026-09
Investment,INV2056,Penempatan dan Giro - Bank Indonesia,2024-06,2026-09
Investment,INV2057,Surat berharga yang dimiliki - Pemerintah,2025-04,2026-09
Investment,INV2058,Surat berharga yang dimiliki - Bank Lain,2024-08,2026-04
Investment,INV2059,Surat berharga yang dimiliki - Bank Indonesia,2024-11,2026-07
Investment,INV2060,Penempatan dan Giro - Bank Lain,2024-04,2026-01
Investment,INV2061,Surat berharga yang dimiliki - Bank Indonesia,2025-02,2026-09
Investment,INV2062,Surat berharga yang dimiliki - Bank Indonesia,2025-10,2026-09
Investment,INV2063,Surat berharga yang dimiliki - Bank Lain,2025-05,2026-03
Investment,INV2064,Surat berharga yang dimiliki - Pemerintah,2025-04,2025-10
Investment,INV2065,Surat berharga yang dimiliki - Pemerintah,2025-08,2026-09
Funding,AC02024,Tabungan Perorangan - Wadiah,2024-12,2025-07
Funding,AC02025,Giro Lembaga - Wadiah,2024-02,2025-11
Funding,AC02026,Deposito Perorangan - Mudharabah,2024-12,2026-09
Funding,AC02027,Deposito Lembaga - Mudharabah,2024-11,2026-09
Funding,AC02028,Giro Perorangan - Wadiah,2026-09,2026-09
Funding,AC02029,Deposito Lembaga - Mudharabah,2026-02,2026-09
Funding,AC02030,Tabungan Perorangan - Mudharabah,2025-05,2026-09
Funding,AC02031,Deposito Lembaga - Mudharabah,2024-02,2026-09
Funding,AC02032,Tabungan Lembaga - Mudharabah,2025-04,2026-09
Funding,AC02033,Giro Perorangan - Wadiah,2025-04,2026-09
Funding,AC02034,Deposito Lembaga - Mudharabah,2024-03,2026-03
Funding,AC02035,Deposito Perorangan - Mudharabah,2025-12,2026-09
Funding,AC02036,Tabungan Lembaga - Wadiah,2024-02,2026-09
Funding,AC02037,Tabungan Perorangan - Mudharabah,2026-04,2026-09
Funding,AC02038,Tabungan Perorangan - Mudharabah,2024-10,2026-09
Funding,AC02039,Giro Lembaga - Wadiah,2024-03,2024-11
Funding,AC02040,Deposito Perorangan - Mudharabah,2025-10,2026-09
Funding,AC02041,Tabungan Perorangan - Mudharabah,2026-05,2026-09
Funding,AC02042,Tabungan Perorangan - Mudharabah,2025-06,2026-09
Funding,AC02043,Giro Perorangan - Wadiah,2024-12,2026-09
Funding,AC02044,Deposito Perorangan - Mudharabah,2025-11,2026-02
Funding,AC02045,Giro Lembaga - Wadiah,2024-04,2026-02
Funding,AC02046,Deposito Perorangan - Mudharabah,2024-06,2026-03
Funding,AC02047,Tabungan Perorangan - Mudharabah,2026-03,2026-09
Funding,AC02048,Tabungan Lembaga - Mudharabah,2025-11,2026-09
Funding,AC02049,Tabungan Perorangan - Mudharabah,2024-05,2026-04
Funding,AC02050,Tabungan Perorangan - Mudharabah,2024-08,2026-09
Funding,AC02051,Tabungan Perorangan - Wadiah,2026-04,2026-09
Funding,AC02052,Tabungan Perorangan - Mudharabah,2025-03,2026-09
Funding,AC02053,Tabungan Perorangan - Wadiah,2024-11,2026-09
Funding,AC02054,Deposito Perorangan - Mudharabah,2025-07,2026-09
Funding,AC02055,Giro Lembaga - Mudharabah,2024-06,2026-09
Funding,AC02056,Giro Perorangan - Wadiah,2025-05,2026-09
Funding,AC02057,Tabungan Perorangan - Wadiah,2026-04,2026-09
Funding,AC02058,Giro Lembaga - Mudharabah,2024-05,2026-09
Funding,AC02059,Deposito Lembaga - Mudharabah,2025-10,2026-09
Funding,AC02060,Deposito Perorangan - Mudharabah,2025-09,2026-09
Funding,AC02061,Giro Lembaga - Mudharabah,2026-03,2026-09
Funding,AC02062,Giro Perorangan - Wadiah,2025-11,2026-09
Funding,AC02063,Giro Lembaga - Wadiah,2026-07,2026-09
Funding,AC02064,Giro Perorangan - Mudharabah,2025-11,2026-09
Funding,AC02065,Giro Perorangan - Wadiah,2025-12,2026-09
Funding,AC02066,Tabungan Lembaga - Wadiah,2025-08,2026-09
Funding,AC02067,Tabungan Lembaga - Wadiah,2026-09,2026-09
Funding,AC02068,Tabungan Lembaga - Wadiah,2025-11,2026-09
Funding,AC02069,Giro Lembaga - Mudharabah,2025-12,2026-08
Funding,AC02070,Tabungan Perorangan - Wadiah,2024-06,2026-09
Funding,AC02071,Tabungan Lembaga - Wadiah,2025-01,2026-09
Funding,AC02072,Tabungan Perorangan - Wadiah,2024-08,2026-05
Funding,AC02073,Giro Lembaga - Wadiah,2026-08,2026-09
Funding,AC02074,Tabungan Perorangan - Wadiah,2026-09,2026-09
Funding,AC02075,Tabungan Perorangan - Mudharabah,2024-05,2025-10
Funding,AC02076,Giro Lembaga - Wadiah,2026-02,2026-09
Funding,AC02077,Giro Lembaga - Wadiah,2025-02,2026-09
Funding,AC02078,Deposito Perorangan - Mudharabah,2026-09,2026-09
Funding,AC02079,Tabungan Perorangan - Mudharabah,2025-04,2026-07
Funding,AC02080,Deposito Lembaga - Mudharabah,2026-02,2026-09
Funding,AC02081,Deposito Perorangan - Mudharabah,2025-07,2026-09
Funding,AC02082,Tabungan Perorangan - Mudharabah,2025-12,2026-09
Funding,AC02083,Deposito Perorangan - Mudharabah,2026-09,2026-09
Funding,AC02084,Giro Lembaga - Wadiah,2026-04,2026-09
Funding,AC02085,Tabungan Perorangan - Mudharabah,2026-06,2026-09
Funding,AC02086,Deposito Lembaga - Mudharabah,2025-02,2026-09
Funding,AC02087,Giro Lembaga - Wadiah,2024-01,2025-08
Funding,AC02088,Tabungan Lembaga - Mudharabah,2024-10,2026-04
Funding,AC02089,Giro Lembaga - Wadiah,2026-02,2026-09
Funding,AC02090,Tabungan Perorangan - Mudharabah,2024-12,2026-09
Funding,AC02091,Giro Lembaga - Wadiah,2025-09,2026-09
Funding,AC02092,Giro Perorangan - Wadiah,2025-04,2026-09
Funding,AC02093,Tabungan Perorangan - Wadiah,2026-07,2026-09
Funding,AC02094,Giro Lembaga - Wadiah,2024-09,2026-09
Funding,AC02095,Giro Lembaga - Mudharabah,2025-03,2026-09
Funding,AC02096,Tabungan Perorangan - Mudharabah,2024-11,2026-09
Funding,AC02097,Giro Lembaga - Mudharabah,2026-04,2026-09
Funding,AC02098,Tabungan Lembaga - Wadiah,2026-01,2026-09
Funding,AC02099,Giro Lembaga - Mudharabah,2025-04,2026-03
Funding,AC02100,Giro Perorangan - Mudharabah,2026-02,2026-09
Funding,AC02101,Deposito Lembaga - Mudharabah,2025-08,2026-09
Funding,AC02102,Deposito Perorangan - Mudharabah,2024-01,2026-09
Funding,AC02103,Giro Perorangan - Wadiah,2026-01,2026-09
Funding,AC02104,Giro Lembaga - Wadiah,2024-10,2025-02
Funding,AC02105,Deposito Perorangan - Mudharabah,2025-12,2026-09
Funding,AC02106,Tabungan Lembaga - Wadiah,2025-01,2026-09
Funding,AC02107,Tabungan Lembaga - Wadiah,2025-07,2026-09
Funding,AC02108,Giro Lembaga - Mudharabah,2026-05,2026-09
Funding,AC02109,Giro Lembaga - Mudharabah,2026-04,2026-09
Funding,AC02110,Tabungan Perorangan - Wadiah,2026-08,2026-09
Funding,AC02111,Giro Lembaga - Mudharabah,2025-10,2026-09
Funding,AC02112,Tabungan Perorangan - Mudharabah,2024-08,2026-09
Funding,AC02113,Giro Perorangan - Wadiah,2024-09,2026-09
Funding,AC02114,Deposito Perorangan - Mudharabah,2026-07,2026-09
Funding,AC02115,Tabungan Perorangan - Wadiah,2024-07,2026-09
Funding,AC02116,Giro Perorangan - Wadiah,2025-01,2026-09
Funding,AC02117,Giro Perorangan - Wadiah,2025-05,2026-09
Funding,AC02118,Tabungan Perorangan - Wadiah,2025-05,2026-09
Funding,AC02119,Tabungan Lembaga - Wadiah,2026-02,2026-09
Funding,AC02120,Giro Perorangan - Mudharabah,2026-08,2026-09
Funding,AC02121,Deposito Perorangan - Mudharabah,2024-02,2026-09
Funding,AC02122,Giro Perorangan - Wadiah,2025-04,2026-09
Funding,AC02123,Tabungan Perorangan - Mudharabah,2024-07,2025-12
Funding,AC02124,Tabungan Lembaga - Mudharabah,2024-04,2026-01
Funding,AC02125,Tabungan Perorangan - Wadiah,2025-03,2026-09
Funding,AC02126,Tabungan Lembaga - Mudharabah,2025-09,2026-09
Funding,AC02127,Giro Lembaga - Wadiah,2024-08,2026-09
Funding,AC02128,Deposito Perorangan - Mudharabah,2024-12,2026-09
Funding,AC02129,Tabungan Lembaga - Wadiah,2025-10,2026-09
Funding,AC02130,Deposito Perorangan - Mudharabah,2024-05,2025-10
Funding,AC02131,Tabungan Lembaga - Wadiah,2024-01,2026-09
Funding,AC02132,Giro Lembaga - Wadiah,2024-08,2026-09
Funding,AC02133,Tabungan Lembaga - Wadiah,2024-03,2026-09
Funding,AC02134,Tabungan Perorangan - Wadiah,2024-10,2025-08
Funding,AC02135,Giro Lembaga - Wadiah,2024-11,2026-09
Funding,AC02136,Tabungan Perorangan - Mudharabah,2024-11,2026-09
Funding,AC02137,Giro Perorangan - Wadiah,2025-11,2026-09
Funding,AC02138,Tabungan Perorangan - Mudharabah,2025-01,2026-09
Funding,AC02139,Tabungan Perorangan - Wadiah,2025-09,2026-09
Funding,AC02140,Tabungan Perorangan - Wadiah,2026-01,2026-09
Funding,AC02141,Tabungan Lembaga - Wadiah,2026-08,2026-09
Funding,AC02142,Tabungan Lembaga - Wadiah,2024-02,2026-06
Funding,AC02143,Giro Lembaga - Wadiah,2024-01,2026-09
Funding,AC02144,Giro Perorangan - Wadiah,2024-06,2026-01
Funding,AC02145,Giro Lembaga - Wadiah,2026-01,2026-09
Funding,AC02146,Giro Lembaga - Wadiah,2024-05,2026-09
Funding,AC02147,Giro Perorangan - Mudharabah,2025-02,2026-09
Funding,AC02148,Tabungan Perorangan - Wadiah,2026-08,2026-09
Funding,AC02149,Deposito Perorangan - Mudharabah,2024-05,2025-12
Funding,AC02150,Tabungan Lembaga - Mudharabah,2026-03,2026-09
Funding,AC02151,Giro Lembaga - Mudharabah,2024-10,2026-06
Funding,AC02152,Giro Perorangan - Wadiah,2024-05,2026-03
Funding,AC02153,Giro Lembaga - Wadiah,2025-05,2026-09
Funding,AC02154,Giro Perorangan - Wadiah,2025-01,2026-09
Funding,AC02155,Giro Lembaga - Wadiah,2024-04,2026-09
Funding,AC02156,Tabungan Perorangan - Wadiah,2024-11,2026-09
Funding,AC02157,Tabungan Lembaga - Wadiah,2024-11,2026-09
Funding,AC02158,Giro Lembaga - Mudharabah,2024-01,2025-12
Funding,AC02159,Giro Lembaga - Mudharabah,2024-03,2025-12
Funding,AC02160,Tabungan Perorangan - Mudharabah,2026-02,2026-09
Funding,AC02161,Tabungan Lembaga - Mudharabah,2024-03,2026-09
Funding,AC02162,Tabungan Perorangan - Wadiah,2025-08,2026-09
Funding,AC02163,Tabungan Perorangan - Wadiah,2026-06,2026-09
Funding,AC02164,Giro Lembaga - Mudharabah,2025-05,2026-09
Funding,AC02165,Tabungan Lembaga - Wadiah,2024-08,2026-09
Funding,AC02166,Deposito Lembaga - Mudharabah,2025-08,2026-09
Funding,AC02167,Tabungan Lembaga - Wadiah,2025-12,2026-09
Funding,AC02168,Tabungan Perorangan - Mudharabah,2026-01,2026-09
Funding,AC02169,Tabungan Perorangan - Wadiah,2026-05,2026-09
Funding,AC02170,Tabungan Perorangan - Wadiah,2024-01,2026-06
Funding,AC02171,Tabungan Perorangan - Mudharabah,2024-07,2026-09
Funding,AC02172,Giro Perorangan - Wadiah,2026-03,2026-09
Funding,AC02173,Deposito Lembaga - Mudharabah,2025-09,2026-09
Funding,OF02024,Pinjaman yang diterima,2024-05,2026-05
Funding,OF02025,Pinjaman yang diterima,2024-02,2026-09
Funding,OF02026,Pinjaman yang diterima,2024-08,2026-09
Funding,OF02027,Pinjaman yang diterima,2024-05,2026-03
Funding,OF02028,Pinjaman yang diterima,2025-04,2026-09
Funding,OF02029,Pinjaman yang diterima,2024-06,2025-10
Funding,OF02030,Pinjaman yang diterima,2024-04,2026-09
Funding,OF02031,Pinjaman yang diterima,2024-08,2026-02
Funding,OF02032,Pinjaman yang diterima,2024-06,2026-09
Funding,OF02033,Surat Berharga Diterbitkan,2024-02,2025-03
Funding,OF02034,Surat Berharga Diterbitkan,2024-10,2026-09
Funding,OF02035,Surat Berharga Diterbitkan,2024-10,2026-09
Funding,OF02036,Surat Berharga Diterbitkan,2024-08,2026-07
Funding,OF02037,Pinjaman yang diterima,2024-09,2026-09
Funding,OF02038,Surat Berharga Diterbitkan,2024-06,2026-09
Funding,OF02039,Pinjaman yang diterima,2024-04,2026-01
Funding,OF02040,Surat Berharga Diterbitkan,2025-01,2026-05
Funding,OF02041,Surat Berharga Diterbitkan,2024-08,2026-06
Funding,OF02042,Surat Berharga Diterbitkan,2024-06,2026-09
Funding,OF02043,Pinjaman yang diterima,2024-03,2025-10
Funding,OF02044,Pinjaman yang diterima,2025-03,2026-09
Funding,OF02045,Surat Berharga Diterbitkan,2024-12,2026-09
Funding,OF02046,Pinjaman yang diterima,2025-02,2026-09
Funding,OF02047,Surat Berharga Diterbitkan,2025-02,2026-09
