period,line_item,amount
2024-01,Beban Bunga - Deposito,11.45
2024-01,Beban Bunga - Giro,33.46
2024-01,Beban Bunga - Pinjaman yang diterima,0.0
2024-01,Beban Bunga - Surat Berharga Diterbitkan,0.0
2024-01,Beban Bunga - Tabungan,6.34
2024-01,Beban Operasional Lainnya - Beban Administrasi,258.0
2024-01,Beban Operasional Lainnya - Beban Bonus,20.0
2024-01,Beban Operasional Lainnya - Beban CKPN,196.15
2024-01,Beban Operasional Lainnya - Beban Lainnya,12.0
2024-01,Laba Bersih,67.71
2024-01,Pendapatan Bunga - Investasi,47.06
2024-01,Pendapatan Bunga - KPR Non Subsidi,74.99
2024-01,Pendapatan Bunga - KPR Subsidi,42.42
2024-01,Pendapatan Bunga - Konstruksi,44.56
2024-01,Pendapatan Bunga - Modal Kerja,29.44
2024-01,Pendapatan Bunga - Multimanfaat,27.2
2024-01,Pendapatan Bunga - Non KPR,28.51
2024-01,Pendapatan Investasi,36.98
2024-01,Pendapatan Operasional Lainnya - Fee Based Pendapatan Operasional Lainnya,55.0
2024-01,Pendapatan Operasional Lainnya - Pendapatan Lainnya,200.95
2024-01,Pendapatan Operasional Lainnya - Pendapatan Sewa,18.0
2024-02,Beban Bunga - Deposito,52.900000000000006
2024-02,Beban Bunga - Giro,53.94
2024-02,Beban Bunga - Pinjaman yang diterima,4.54
2024-02,Beban Bunga - Surat Berharga Diterbitkan,13.41
2024-02,Beban Bunga - Tabungan,15.69
2024-02,Beban Operasional Lainnya - Beban Administrasi,519.6
2024-02,Beban Operasional Lainnya - Beban Bonus,40.0
2024-02,Beban Operasional Lainnya - Beban CKPN,403.05
2024-02,Beban Operasional Lainnya - Beban Lainnya,24.0
2024-02,Laba Bersih,137.66
2024-02,Pendapatan Bunga - Investasi,94.41
2024-02,Pendapatan Bunga - KPR Non Subsidi,146.83999999999997
2024-02,Pendapatan Bunga - KPR Subsidi,84.61
2024-02,Pendapatan Bunga - Konstruksi,92.12
2024-02,Pendapatan Bunga - Modal Kerja,59.42
2024-02,Pendapatan Bunga - Multimanfaat,53.269999999999996
2024-02,Pendapatan Bunga - Non KPR,57.93000000000001
2024-02,Pendapatan Investasi,74.57
2024-02,Pendapatan Operasional Lainnya - Fee Based Pendapatan Operasional Lainnya,112.5
2024-02,Pendapatan Operasional Lainnya - Pendapatan Lainnya,453.12
2024-02,Pendapatan Operasional Lainnya - Pendapatan Sewa,36.0
2024-03,Beban Bunga - Deposito,98.16
2024-03,Beban Bunga - Giro,77.54
2024-03,Beban Bunga - Pinjaman yang diterima,15.48
2024-03,Beban Bunga - Surat Berharga Diterbitkan,20.64
2024-03,Beban Bunga - Tabungan,26.93
2024-03,Beban Operasional Lainnya - Beban Administrasi,783.03
2024-03,Beban Operasional Lainnya - Beban Bonus,60.0
2024-03,Beban Operasional Lainnya - Beban CKPN,620.7
2024-03,Beban Operasional Lainnya - Beban Lainnya,36.0
2024-03,Laba Bersih,202.19
2024-03,Pendapatan Bunga - Investasi,139.51
2024-03,Pendapatan Bunga - KPR Non Subsidi,215.24
2024-03,Pendapatan Bunga - KPR Subsidi,127.78
2024-03,Pendapatan Bunga - Konstruksi,143.08
2024-03,Pendapatan Bunga - Modal Kerja,90.55
2024-03,Pendapatan Bunga - Multimanfaat,78.06
2024-03,Pendapatan Bunga - Non KPR,88.39
2024-03,Pendapatan Investasi,112.8
2024-03,Pendapatan Operasional Lainnya - Fee Based Pendapatan Operasional Lainnya,171.82999999999998
2024-03,Pendapatan Operasional Lainnya - Pendapatan Lainnya,719.43
2024-03,Pendapatan Operasional Lainnya - Pendapatan Sewa,54.0
2024-04,Beban Bunga - Deposito,135.95
2024-04,Beban Bunga - Giro,99.12
2024-04,Beban Bunga - Pinjaman yang diterima,29.56
2024-04,Beban Bunga - Surat Berharga Diterbitkan,24.94
2024-04,Beban Bunga - Tabungan,45.79
2024-04,Beban Operasional Lainnya - Beban Administrasi,1046.03
2024-04,Beban Operasional Lainnya - Beban Bonus,80.0
2024-04,Beban Operasional Lainnya - Beban CKPN,846.22
2024-04,Beban Operasional Lainnya - Beban Lainnya,48.0
2024-04,Laba Bersih,268.02
2024-04,Pendapatan Bunga - Investasi,182.11
2024-04,Pendapatan Bunga - KPR Non Subsidi,291.57
2024-04,Pendapatan Bunga - KPR Subsidi,168.57999999999998
2024-04,Pendapatan Bunga - Konstruksi,191.21
2024-04,Pendapatan Bunga - Modal Kerja,123.21
2024-04,Pendapatan Bunga - Multimanfaat,103.96
2024-04,Pendapatan Bunga - Non KPR,117.17
2024-04,Pendapatan Investasi,150.89
2024-04,Pendapatan Operasional Lainnya - Fee Based Pendapatan Operasional Lainnya,231.82999999999998
2024-04,Pendapatan Operasional Lainnya - Pendapatan Lainnya,991.0999999999999
2024-04,Pendapatan Operasional Lainnya - Pendapatan Sewa,72.0
2024-05,Beban Bunga - Deposito,174.42000000000002
2024-05,Beban Bunga - Giro,120.49000000000001
2024-05,Beban Bunga - Pinjaman yang diterima,44.519999999999996
2024-05,Beban Bunga - Surat Berharga Diterbitkan,28.21
2024-05,Beban Bunga - Tabungan,70.22
2024-05,Beban Operasional Lainnya - Beban Administrasi,1306.46
2024-05,Beban Operasional Lainnya - Beban Bonus,100.0
2024-05,Beban Operasional Lainnya - Beban CKPN,1074.6200000000001
2024-05,Beban Operasional Lainnya - Beban Lainnya,60.0
2024-05,Laba Bersih,337.11
2024-05,Pendapatan Bunga - Investasi,225.28
2024-05,Pendapatan Bunga - KPR Non Subsidi,364.34
2024-05,Pendapatan Bunga - KPR Subsidi,212.78
2024-05,Pendapatan Bunga - Konstruksi,238.63
2024-05,Pendapatan Bunga - Modal Kerja,155.0
2024-05,Pendapatan Bunga - Multimanfaat,128.63
2024-05,Pendapatan Bunga - Non KPR,145.67000000000002
2024-05,Pendapatan Investasi,186.82999999999998
2024-05,Pendapatan Operasional Lainnya - Fee Based Pendapatan Operasional Lainnya,291.15999999999997
2024-05,Pendapatan Operasional Lainnya - Pendapatan Lainnya,1277.73
2024-05,Pendapatan Operasional Lainnya - Pendapatan Sewa,90.0
2024-06,Beban Bunga - Deposito,218.62
2024-06,Beban Bunga - Giro,142.98
2024-06,Beban Bunga - Pinjaman yang diterima,56.28
2024-06,Beban Bunga - Surat Berharga Diterbitkan,34.21
2024-06,Beban Bunga - Tabungan,92.0
2024-06,Beban Operasional Lainnya - Beban Administrasi,1562.8600000000001
2024-06,Beban Operasional Lainnya - Beban Bonus,120.0
2024-06,Beban Operasional Lainnya - Beban CKPN,1300.14
2024-06,Beban Operasional Lainnya - Beban Lainnya,72.0
2024-06,Laba Bersih,400.83
2024-06,Pendapatan Bunga - Investasi,270.13
2024-06,Pendapatan Bunga - KPR Non Subsidi,439.78999999999996
2024-06,Pendapatan Bunga - KPR Subsidi,255.78
2024-06,Pendapatan Bunga - Konstruksi,284.76
2024-06,Pendapatan Bunga - Modal Kerja,186.89999999999998
2024-06,Pendapatan Bunga - Multimanfaat,152.64
2024-06,Pendapatan Bunga - Non KPR,173.38
2024-06,Pendapatan Investasi,222.01
2024-06,Pendapatan Operasional Lainnya - Fee Based Pendapatan Operasional Lainnya,348.65999999999997
2024-06,Pendapatan Operasional Lainnya - Pendapatan Lainnya,1557.87
2024-06,Pendapatan Operasional Lainnya - Pendapatan Sewa,108.0
2024-07,Beban Bunga - Deposito,258.5
2024-07,Beban Bunga - Giro,163.29
2024-07,Beban Bunga - Pinjaman yang diterima,67.94
2024-07,Beban Bunga - Surat Berharga Diterbitkan,40.160000000000004
2024-07,Beban Bunga - Tabungan,122.1
2024-07,Beban Operasional Lainnya - Beban Administrasi,1814.8600000000001
2024-07,Beban Operasional Lainnya - Beban Bonus,140.0
2024-07,Beban Operasional Lainnya - Beban CKPN,1517.79
2024-07,Beban Operasional Lainnya - Beban Lainnya,84.0
2024-07,Laba Bersih,463.41
2024-07,Pendapatan Bunga - Investasi,314.40000000000003
2024-07,Pendapatan Bunga - KPR Non Subsidi,512.1
2024-07,Pendapatan Bunga - KPR Subsidi,298.17
2024-07,Pendapatan Bunga - Konstruksi,328.37
2024-07,Pendapatan Bunga - Modal Kerja,223.29
2024-07,Pendapatan Bunga - Multimanfaat,178.12
2024-07,Pendapatan Bunga - Non KPR,202.28
2024-07,Pendapatan Investasi,256.47
2024-07,Pendapatan Operasional Lainnya - Fee Based Pendapatan Operasional Lainnya,403.65999999999997
2024-07,Pendapatan Operasional Lainnya - Pendapatan Lainnya,1829.19
2024-07,Pendapatan Operasional Lainnya - Pendapatan Sewa,126.0
2024-08,Beban Bunga - Deposito,291.33
2024-08,Beban Bunga - Giro,181.23
2024-08,Beban Bunga - Pinjaman yang diterima,78.5
2024-08,Beban Bunga - Surat Berharga Diterbitkan,46.910000000000004
2024-08,Beban Bunga - Tabungan,155.11
2024-08,Beban Operasional Lainnya - Beban Administrasi,2063.26
2024-08,Beban Operasional Lainnya - Beban Bonus,160.0
2024-08,Beban Operasional Lainnya - Beban CKPN,1724.69
2024-08,Beban Operasional Lainnya - Beban Lainnya,96.0
2024-08,Laba Bersih,525.87
2024-08,Pendapatan Bunga - Investasi,362.3
2024-08,Pendapatan Bunga - KPR Non Subsidi,584.42
2024-08,Pendapatan Bunga - KPR Subsidi,340.12
2024-08,Pendapatan Bunga - Konstruksi,371.97
2024-08,Pendapatan Bunga - Modal Kerja,258.28999999999996
2024-08,Pendapatan Bunga - Multimanfaat,203.62
2024-08,Pendapatan Bunga - Non KPR,228.97
2024-08,Pendapatan Investasi,291.82
2024-08,Pendapatan Operasional Lainnya - Fee Based Pendapatan Operasional Lainnya,456.15999999999997
2024-08,Pendapatan Operasional Lainnya - Pendapatan Lainnya,2081.23
2024-08,Pendapatan Operasional Lainnya - Pendapatan Sewa,144.0
2024-09,Beban Bunga - Deposito,323.77
2024-09,Beban Bunga - Giro,199.27
2024-09,Beban Bunga - Pinjaman yang diterima,89.4
2024-09,Beban Bunga - Surat Berharga Diterbitkan,53.22
2024-09,Beban Bunga - Tabungan,187.76
2024-09,Beban Operasional Lainnya - Beban Administrasi,2309.83
2024-09,Beban Operasional Lainnya - Beban Bonus,180.0
2024-09,Beban Operasional Lainnya - Beban CKPN,1920.8400000000001
2024-09,Beban Operasional Lainnya - Beban Lainnya,108.0
2024-09,Laba Bersih,584.64
2024-09,Pendapatan Bunga - Investasi,409.51
2024-09,Pendapatan Bunga - KPR Non Subsidi,654.6899999999999
2024-09,Pendapatan Bunga - KPR Subsidi,381.77
2024-09,Pendapatan Bunga - Konstruksi,414.94
2024-09,Pendapatan Bunga - Modal Kerja,294.93
2024-09,Pendapatan Bunga - Multimanfaat,230.14
2024-09,Pendapatan Bunga - Non KPR,257.33
2024-09,Pendapatan Investasi,326.72
2024-09,Pendapatan Operasional Lainnya - Fee Based Pendapatan Operasional Lainnya,506.83
2024-09,Pendapatan Operasional Lainnya - Pendapatan Lainnya,2317.87
2024-09,Pendapatan Operasional Lainnya - Pendapatan Sewa,162.0
2024-10,Beban Bunga - Deposito,352.55
2024-10,Beban Bunga - Giro,217.12
2024-10,Beban Bunga - Pinjaman yang diterima,99.27
2024-10,Beban Bunga - Surat Berharga Diterbitkan,60.32
2024-10,Beban Bunga - Tabungan,224.05
2024-10,Beban Operasional Lainnya - Beban Administrasi,2556.83
2024-10,Beban Operasional Lainnya - Beban Bonus,200.0
2024-10,Beban Operasional Lainnya - Beban CKPN,2109.12
2024-10,Beban Operasional Lainnya - Beban Lainnya,120.0
2024-10,Laba Bersih,636.28
2024-10,Pendapatan Bunga - Investasi,455.73
2024-10,Pendapatan Bunga - KPR Non Subsidi,726.12
2024-10,Pendapatan Bunga - KPR Subsidi,423.17
2024-10,Pendapatan Bunga - Konstruksi,460.91
2024-10,Pendapatan Bunga - Modal Kerja,333.76
2024-10,Pendapatan Bunga - Multimanfaat,253.58
2024-10,Pendapatan Bunga - Non KPR,283.59000000000003
2024-10,Pendapatan Investasi,361.32
2024-10,Pendapatan Operasional Lainnya - Fee Based Pendapatan Operasional Lainnya,556.83
2024-10,Pendapatan Operasional Lainnya - Pendapatan Lainnya,2540.5299999999997
2024-10,Pendapatan Operasional Lainnya - Pendapatan Sewa,180.0
2024-11,Beban Bunga - Deposito,383.37
2024-11,Beban Bunga - Giro,233.52
2024-11,Beban Bunga - Pinjaman yang diterima,109.06
2024-11,Beban Bunga - Surat Berharga Diterbitkan,67.36
2024-11,Beban Bunga - Tabungan,260.58
2024-11,Beban Operasional Lainnya - Beban Administrasi,2806.4
2024-11,Beban Operasional Lainnya - Beban Bonus,220.0
2024-11,Beban Operasional Lainnya - Beban CKPN,2294.52
2024-11,Beban Operasional Lainnya - Beban Lainnya,132.0
2024-11,Laba Bersih,694.85
2024-11,Pendapatan Bunga - Investasi,502.19
2024-11,Pendapatan Bunga - KPR Non Subsidi,800.0
2024-11,Pendapatan Bunga - KPR Subsidi,464.26
2024-11,Pendapatan Bunga - Konstruksi,503.97
2024-11,Pendapatan Bunga - Modal Kerja,372.78999999999996
2024-11,Pendapatan Bunga - Multimanfaat,277.16
2024-11,Pendapatan Bunga - Non KPR,310.02
2024-11,Pendapatan Investasi,396.72
2024-11,Pendapatan Operasional Lainnya - Fee Based Pendapatan Operasional Lainnya,607.5
2024-11,Pendapatan Operasional Lainnya - Pendapatan Lainnya,2769.0499999999997
2024-11,Pendapatan Operasional Lainnya - Pendapatan Sewa,198.0
2024-12,Beban Bunga - Deposito,417.7
2024-12,Beban Bunga - Giro,248.67
2024-12,Beban Bunga - Pinjaman yang diterima,118.44
2024-12,Beban Bunga - Surat Berharga Diterbitkan,74.61
2024-12,Beban Bunga - Tabungan,299.55
2024-12,Beban Operasional Lainnya - Beban Administrasi,3060.0
2024-12,Beban Operasional Lainnya - Beban Bonus,240.0
2024-12,Beban Operasional Lainnya - Beban CKPN,2482.8
2024-12,Beban Operasional Lainnya - Beban Lainnya,144.0
2024-12,Laba Bersih,761.93
2024-12,Pendapatan Bunga - Investasi,547.5600000000001
2024-12,Pendapatan Bunga - KPR Non Subsidi,871.95
2024-12,Pendapatan Bunga - KPR Subsidi,505.26
2024-12,Pendapatan Bunga - Konstruksi,546.07
2024-12,Pendapatan Bunga - Modal Kerja,415.13
2024-12,Pendapatan Bunga - Multimanfaat,302.12
2024-12,Pendapatan Bunga - Non KPR,335.84000000000003
2024-12,Pendapatan Investasi,433.52
2024-12,Pendapatan Operasional Lainnya - Fee Based Pendapatan Operasional Lainnya,660.0
2024-12,Pendapatan Operasional Lainnya - Pendapatan Lainnya,3014.25
2024-12,Pendapatan Operasional Lainnya - Pendapatan Sewa,216.0
2025-01,Beban Bunga - Deposito,32.03
2025-01,Beban Bunga - Giro,14.36
2025-01,Beban Bunga - Pinjaman yang diterima,8.09
2025-01,Beban Bunga - Surat Berharga Diterbitkan,7.1
2025-01,Beban Bunga - Tabungan,39.93
2025-01,Beban Operasional Lainnya - Beban Administrasi,258.0
2025-01,Beban Operasional Lainnya - Beban Bonus,20.0
2025-01,Beban Operasional Lainnya - Beban CKPN,232.5
2025-01,Beban Operasional Lainnya - Beban Lainnya,12.0
2025-01,Laba Bersih,79.54
2025-01,Pendapatan Bunga - Investasi,54.5
2025-01,Pendapatan Bunga - KPR Non Subsidi,82.61
2025-01,Pendapatan Bunga - KPR Subsidi,45.52
2025-01,Pendapatan Bunga - Konstruksi,51.01
2025-01,Pendapatan Bunga - Modal Kerja,50.96
2025-01,Pendapatan Bunga - Multimanfaat,28.81
2025-01,Pendapatan Bunga - Non KPR,29.82
2025-01,Pendapatan Investasi,35.86
2025-01,Pendapatan Operasional Lainnya - Fee Based Pendapatan Operasional Lainnya,55.0
2025-01,Pendapatan Operasional Lainnya - Pendapatan Lainnya,251.46
2025-01,Pendapatan Operasional Lainnya - Pendapatan Sewa,18.0
2025-02,Beban Bunga - Deposito,64.61
2025-02,Beban Bunga - Giro,29.53
2025-02,Beban Bunga - Pinjaman yang diterima,16.41
2025-02,Beban Bunga - Surat Berharga Diterbitkan,14.02
2025-02,Beban Bunga - Tabungan,78.75
2025-02,Beban Operasional Lainnya - Beban Administrasi,519.6
2025-02,Beban Operasional Lainnya - Beban Bonus,40.0
2025-02,Beban Operasional Lainnya - Beban CKPN,477.5
2025-02,Beban Operasional Lainnya - Beban Lainnya,24.0
2025-02,Laba Bersih,161.48
2025-02,Pendapatan Bunga - Investasi,109.05
2025-02,Pendapatan Bunga - KPR Non Subsidi,165.22
2025-02,Pendapatan Bunga - KPR Subsidi,91.07
2025-02,Pendapatan Bunga - Konstruksi,105.1
2025-02,Pendapatan Bunga - Modal Kerja,102.08
2025-02,Pendapatan Bunga - Multimanfaat,54.53
2025-02,Pendapatan Bunga - Non KPR,59.65
2025-02,Pendapatan Investasi,72.72999999999999
2025-02,Pendapatan Operasional Lainnya - Fee Based Pendapatan Operasional Lainnya,112.5
2025-02,Pendapatan Operasional Lainnya - Pendapatan Lainnya,517.97
2025-02,Pendapatan Operasional Lainnya - Pendapatan Sewa,36.0
2025-03,Beban Bunga - Deposito,96.07
2025-03,Beban Bunga - Giro,46.04
2025-03,Beban Bunga - Pinjaman yang diterima,25.17
2025-03,Beban Bunga - Surat Berharga Diterbitkan,20.61
2025-03,Beban Bunga - Tabungan,118.99000000000001
2025-03,Beban Operasional Lainnya - Beban Administrasi,783.03
2025-03,Beban Operasional Lainnya - Beban Bonus,60.0
2025-03,Beban Operasional Lainnya - Beban CKPN,735.0
2025-03,Beban Operasional Lainnya - Beban Lainnya,36.0
2025-03,Laba Bersih,241.81
2025-03,Pendapatan Bunga - Investasi,162.01
2025-03,Pendapatan Bunga - KPR Non Subsidi,249.37
2025-03,Pendapatan Bunga - KPR Subsidi,134.43
2025-03,Pendapatan Bunga - Konstruksi,163.81
2025-03,Pendapatan Bunga - Modal Kerja,151.65
2025-03,Pendapatan Bunga - Multimanfaat,80.88
2025-03,Pendapatan Bunga - Non KPR,90.14
2025-03,Pendapatan Investasi,110.24
2025-03,Pendapatan Operasional Lainnya - Fee Based Pendapatan Operasional Lainnya,171.82999999999998
2025-03,Pendapatan Operasional Lainnya - Pendapatan Lainnya,794.36
2025-03,Pendapatan Operasional Lainnya - Pendapatan Sewa,54.0
2025-04,Beban Bunga - Deposito,124.87
2025-04,Beban Bunga - Giro,62.28
2025-04,Beban Bunga - Pinjaman yang diterima,34.78
2025-04,Beban Bunga - Surat Berharga Diterbitkan,26.45
2025-04,Beban Bunga - Tabungan,161.04
2025-04,Beban Operasional Lainnya - Beban Administrasi,1046.03
2025-04,Beban Operasional Lainnya - Beban Bonus,80.0
2025-04,Beban Operasional Lainnya - Beban CKPN,1001.65
2025-04,Beban Operasional Lainnya - Beban Lainnya,48.0
2025-04,Laba Bersih,319.73
2025-04,Pendapatan Bunga - Investasi,214.66
2025-04,Pendapatan Bunga - KPR Non Subsidi,333.97
2025-04,Pendapatan Bunga - KPR Subsidi,181.73
2025-04,Pendapatan Bunga - Konstruksi,217.67000000000002
2025-04,Pendapatan Bunga - Modal Kerja,198.91
2025-04,Pendapatan Bunga - Multimanfaat,108.28999999999999
2025-04,Pendapatan Bunga - Non KPR,118.03
2025-04,Pendapatan Investasi,148.10999999999999
2025-04,Pendapatan Operasional Lainnya - Fee Based Pendapatan Operasional Lainnya,231.82999999999998
2025-04,Pendapatan Operasional Lainnya - Pendapatan Lainnya,1079.63
2025-04,Pendapatan Operasional Lainnya - Pendapatan Sewa,72.0
2025-05,Beban Bunga - Deposito,152.05
2025-05,Beban Bunga - Giro,78.39
2025-05,Beban Bunga - Pinjaman yang diterima,44.43
2025-05,Beban Bunga - Surat Berharga Diterbitkan,32.32
2025-05,Beban Bunga - Tabungan,202.91
2025-05,Beban Operasional Lainnya - Beban Administrasi,1306.46
2025-05,Beban Operasional Lainnya - Beban Bonus,100.0
2025-05,Beban Operasional Lainnya - Beban CKPN,1271.65
2025-05,Beban Operasional Lainnya - Beban Lainnya,60.0
2025-05,Laba Bersih,404.8
2025-05,Pendapatan Bunga - Investasi,269.15999999999997
2025-05,Pendapatan Bunga - KPR Non Subsidi,416.25
2025-05,Pendapatan Bunga - KPR Subsidi,229.12
2025-05,Pendapatan Bunga - Konstruksi,268.83
2025-05,Pendapatan Bunga - Modal Kerja,246.63
2025-05,Pendapatan Bunga - Multimanfaat,140.68
2025-05,Pendapatan Bunga - Non KPR,143.35
2025-05,Pendapatan Investasi,186.38
2025-05,Pendapatan Operasional Lainnya - Fee Based Pendapatan Operasional Lainnya,291.15999999999997
2025-05,Pendapatan Operasional Lainnya - Pendapatan Lainnya,1371.45
2025-05,Pendapatan Operasional Lainnya - Pendapatan Sewa,90.0
2025-06,Beban Bunga - Deposito,179.11
2025-06,Beban Bunga - Giro,94.44
2025-06,Beban Bunga - Pinjaman yang diterima,54.11
2025-06,Beban Bunga - Surat Berharga Diterbitkan,38.24
2025-06,Beban Bunga - Tabungan,245.15
2025-06,Beban Operasional Lainnya - Beban Administrasi,1562.8600000000001
2025-06,Beban Operasional Lainnya - Beban Bonus,120.0
2025-06,Beban Operasional Lainnya - Beban CKPN,1538.3
2025-06,Beban Operasional Lainnya - Beban Lainnya,72.0
2025-06,Laba Bersih,483.21
2025-06,Pendapatan Bunga - Investasi,325.44
2025-06,Pendapatan Bunga - KPR Non Subsidi,495.96
2025-06,Pendapatan Bunga - KPR Subsidi,276.40999999999997
2025-06,Pendapatan Bunga - Konstruksi,321.68
2025-06,Pendapatan Bunga - Modal Kerja,291.55
2025-06,Pendapatan Bunga - Multimanfaat,172.6
2025-06,Pendapatan Bunga - Non KPR,171.73
2025-06,Pendapatan Investasi,224.2
2025-06,Pendapatan Operasional Lainnya - Fee Based Pendapatan Operasional Lainnya,348.65999999999997
2025-06,Pendapatan Operasional Lainnya - Pendapatan Lainnya,1651.19
2025-06,Pendapatan Operasional Lainnya - Pendapatan Sewa,108.0
2025-07,Beban Bunga - Deposito,207.03
2025-07,Beban Bunga - Giro,110.13
2025-07,Beban Bunga - Pinjaman yang diterima,63.82
2025-07,Beban Bunga - Surat Berharga Diterbitkan,44.21
2025-07,Beban Bunga - Tabungan,287.02
2025-07,Beban Operasional Lainnya - Beban Administrasi,1814.8600000000001
2025-07,Beban Operasional Lainnya - Beban Bonus,140.0
2025-07,Beban Operasional Lainnya - Beban CKPN,1795.8
2025-07,Beban Operasional Lainnya - Beban Lainnya,84.0
2025-07,Laba Bersih,561.9
2025-07,Pendapatan Bunga - Investasi,380.43
2025-07,Pendapatan Bunga - KPR Non Subsidi,575.11
2025-07,Pendapatan Bunga - KPR Subsidi,325.57
2025-07,Pendapatan Bunga - Konstruksi,374.21
2025-07,Pendapatan Bunga - Modal Kerja,333.77
2025-07,Pendapatan Bunga - Multimanfaat,204.38
2025-07,Pendapatan Bunga - Non KPR,202.60999999999999
2025-07,Pendapatan Investasi,261.9
2025-07,Pendapatan Operasional Lainnya - Fee Based Pendapatan Operasional Lainnya,403.65999999999997
2025-07,Pendapatan Operasional Lainnya - Pendapatan Lainnya,1921.13
2025-07,Pendapatan Operasional Lainnya - Pendapatan Sewa,126.0
2025-08,Beban Bunga - Deposito,236.93
2025-08,Beban Bunga - Giro,125.67999999999999
2025-08,Beban Bunga - Pinjaman yang diterima,73.58
2025-08,Beban Bunga - Surat Berharga Diterbitkan,50.21
2025-08,Beban Bunga - Tabungan,328.64
2025-08,Beban Operasional Lainnya - Beban Administrasi,2063.26
2025-08,Beban Operasional Lainnya - Beban Bonus,160.0
2025-08,Beban Operasional Lainnya - Beban CKPN,2040.8
2025-08,Beban Operasional Lainnya - Beban Lainnya,96.0
2025-08,Laba Bersih,633.51
2025-08,Pendapatan Bunga - Investasi,431.26
2025-08,Pendapatan Bunga - KPR Non Subsidi,655.74
2025-08,Pendapatan Bunga - KPR Subsidi,376.59
2025-08,Pendapatan Bunga - Konstruksi,421.4
2025-08,Pendapatan Bunga - Modal Kerja,377.65999999999997
2025-08,Pendapatan Bunga - Multimanfaat,237.44
2025-08,Pendapatan Bunga - Non KPR,234.68
2025-08,Pendapatan Investasi,300.0
2025-08,Pendapatan Operasional Lainnya - Fee Based Pendapatan Operasional Lainnya,456.15999999999997
2025-08,Pendapatan Operasional Lainnya - Pendapatan Lainnya,2173.68
2025-08,Pendapatan Operasional Lainnya - Pendapatan Sewa,144.0
2025-09,Beban Bunga - Deposito,271.67
2025-09,Beban Bunga - Giro,140.71
2025-09,Beban Bunga - Pinjaman yang diterima,83.38
2025-09,Beban Bunga - Surat Berharga Diterbitkan,56.23
2025-09,Beban Bunga - Tabungan,370.64
2025-09,Beban Operasional Lainnya - Beban Administrasi,2309.83
2025-09,Beban Operasional Lainnya - Beban Bonus,180.0
2025-09,Beban Operasional Lainnya - Beban CKPN,2273.3
2025-09,Beban Operasional Lainnya - Beban Lainnya,108.0
2025-09,Laba Bersih,703.53
2025-09,Pendapatan Bunga - Investasi,481.22
2025-09,Pendapatan Bunga - KPR Non Subsidi,737.12
2025-09,Pendapatan Bunga - KPR Subsidi,426.83
2025-09,Pendapatan Bunga - Konstruksi,466.76
2025-09,Pendapatan Bunga - Modal Kerja,422.69
2025-09,Pendapatan Bunga - Multimanfaat,271.35
2025-09,Pendapatan Bunga - Non KPR,267.55
2025-09,Pendapatan Investasi,337.73
2025-09,Pendapatan Operasional Lainnya - Fee Based Pendapatan Operasional Lainnya,506.83
2025-09,Pendapatan Operasional Lainnya - Pendapatan Lainnya,2417.21
2025-09,Pendapatan Operasional Lainnya - Pendapatan Sewa,162.0
2025-10,Beban Bunga - Deposito,309.21
2025-10,Beban Bunga - Giro,155.63
2025-10,Beban Bunga - Pinjaman yang diterima,93.21000000000001
2025-10,Beban Bunga - Surat Berharga Diterbitkan,62.3
2025-10,Beban Bunga - Tabungan,411.78
2025-10,Beban Operasional Lainnya - Beban Administrasi,2556.83
2025-10,Beban Operasional Lainnya - Beban Bonus,200.0
2025-10,Beban Operasional Lainnya - Beban CKPN,2496.65
2025-10,Beban Operasional Lainnya - Beban Lainnya,120.0
2025-10,Laba Bersih,766.67
2025-10,Pendapatan Bunga - Investasi,533.78
2025-10,Pendapatan Bunga - KPR Non Subsidi,819.22
2025-10,Pendapatan Bunga - KPR Subsidi,475.51
2025-10,Pendapatan Bunga - Konstruksi,510.47
2025-10,Pendapatan Bunga - Modal Kerja,465.51
2025-10,Pendapatan Bunga - Multimanfaat,307.08
2025-10,Pendapatan Bunga - Non KPR,302.14
2025-10,Pendapatan Investasi,374.73
2025-10,Pendapatan Operasional Lainnya - Fee Based Pendapatan Operasional Lainnya,556.83
2025-10,Pendapatan Operasional Lainnya - Pendapatan Lainnya,2647.01
2025-10,Pendapatan Operasional Lainnya - Pendapatan Sewa,180.0
2025-11,Beban Bunga - Deposito,343.75
2025-11,Beban Bunga - Giro,171.63
2025-11,Beban Bunga - Pinjaman yang diterima,102.32
2025-11,Beban Bunga - Surat Berharga Diterbitkan,69.12
2025-11,Beban Bunga - Tabungan,451.73
2025-11,Beban Operasional Lainnya - Beban Administrasi,2806.4
2025-11,Beban Operasional Lainnya - Beban Bonus,220.0
2025-11,Beban Operasional Lainnya - Beban CKPN,2716.65
2025-11,Beban Operasional Lainnya - Beban Lainnya,132.0
2025-11,Laba Bersih,838.31
2025-11,Pendapatan Bunga - Investasi,583.21
2025-11,Pendapatan Bunga - KPR Non Subsidi,898.98
2025-11,Pendapatan Bunga - KPR Subsidi,525.04
2025-11,Pendapatan Bunga - Konstruksi,552.21
2025-11,Pendapatan Bunga - Modal Kerja,510.92
2025-11,Pendapatan Bunga - Multimanfaat,344.99
2025-11,Pendapatan Bunga - Non KPR,338.81
2025-11,Pendapatan Investasi,411.45
2025-11,Pendapatan Operasional Lainnya - Fee Based Pendapatan Operasional Lainnya,607.5
2025-11,Pendapatan Operasional Lainnya - Pendapatan Lainnya,2880.8
2025-11,Pendapatan Operasional Lainnya - Pendapatan Sewa,198.0
2025-12,Beban Bunga - Deposito,381.48
2025-12,Beban Bunga - Giro,188.44
2025-12,Beban Bunga - Pinjaman yang diterima,111.51
2025-12,Beban Bunga - Surat Berharga Diterbitkan,75.97
2025-12,Beban Bunga - Tabungan,490.64
2025-12,Beban Operasional Lainnya - Beban Administrasi,3060.0
2025-12,Beban Operasional Lainnya - Beban Bonus,240.0
2025-12,Beban Operasional Lainnya - Beban CKPN,2940.0
2025-12,Beban Operasional Lainnya - Beban Lainnya,144.0
2025-12,Laba Bersih,916.0
2025-12,Pendapatan Bunga - Investasi,634.03
2025-12,Pendapatan Bunga - KPR Non Subsidi,979.63
2025-12,Pendapatan Bunga - KPR Subsidi,573.49
2025-12,Pendapatan Bunga - Konstruksi,595.13
2025-12,Pendapatan Bunga - Modal Kerja,554.11
2025-12,Pendapatan Bunga - Multimanfaat,384.06
2025-12,Pendapatan Bunga - Non KPR,375.07
2025-12,Pendapatan Investasi,448.67
2025-12,Pendapatan Operasional Lainnya - Fee Based Pendapatan Operasional Lainnya,660.0
2025-12,Pendapatan Operasional Lainnya - Pendapatan Lainnya,3127.85
2025-12,Pendapatan Operasional Lainnya - Pendapatan Sewa,216.0
2026-01,Beban Bunga - Deposito,37.67
2026-01,Beban Bunga - Giro,13.66
2026-01,Beban Bunga - Pinjaman yang diterima,8.98
2026-01,Beban Bunga - Surat Berharga Diterbitkan,6.71
2026-01,Beban Bunga - Tabungan,38.42
2026-01,Beban Operasional Lainnya - Beban Administrasi,258.0
2026-01,Beban Operasional Lainnya - Beban Bonus,20.0
2026-01,Beban Operasional Lainnya - Beban CKPN,252.91
2026-01,Beban Operasional Lainnya - Beban Lainnya,12.0
2026-01,Laba Bersih,95.64
2026-01,Pendapatan Bunga - Investasi,60.26
2026-01,Pendapatan Bunga - KPR Non Subsidi,95.52
2026-01,Pendapatan Bunga - KPR Subsidi,56.07
2026-01,Pendapatan Bunga - Konstruksi,46.11
2026-01,Pendapatan Bunga - Modal Kerja,51.16
2026-01,Pendapatan Bunga - Multimanfaat,42.28
2026-01,Pendapatan Bunga - Non KPR,42.97
2026-01,Pendapatan Investasi,36.56
2026-01,Pendapatan Operasional Lainnya - Fee Based Pendapatan Operasional Lainnya,55.0
2026-01,Pendapatan Operasional Lainnya - Pendapatan Lainnya,240.06
2026-01,Pendapatan Operasional Lainnya - Pendapatan Sewa,18.0
2026-02,Beban Bunga - Deposito,79.30000000000001
2026-02,Beban Bunga - Giro,28.509999999999998
2026-02,Beban Bunga - Pinjaman yang diterima,17.54
2026-02,Beban Bunga - Surat Berharga Diterbitkan,13.870000000000001
2026-02,Beban Bunga - Tabungan,73.73
2026-02,Beban Operasional Lainnya - Beban Administrasi,519.6
2026-02,Beban Operasional Lainnya - Beban Bonus,40.0
2026-02,Beban Operasional Lainnya - Beban CKPN,520.97
2026-02,Beban Operasional Lainnya - Beban Lainnya,24.0
2026-02,Laba Bersih,182.82
2026-02,Pendapatan Bunga - Investasi,124.57999999999998
2026-02,Pendapatan Bunga - KPR Non Subsidi,181.79
2026-02,Pendapatan Bunga - KPR Subsidi,114.1
2026-02,Pendapatan Bunga - Konstruksi,91.78999999999999
2026-02,Pendapatan Bunga - Modal Kerja,100.38
2026-02,Pendapatan Bunga - Multimanfaat,87.48
2026-02,Pendapatan Bunga - Non KPR,88.91
2026-02,Pendapatan Investasi,73.89
2026-02,Pendapatan Operasional Lainnya - Fee Based Pendapatan Operasional Lainnya,112.5
2026-02,Pendapatan Operasional Lainnya - Pendapatan Lainnya,488.92
2026-02,Pendapatan Operasional Lainnya - Pendapatan Sewa,36.0
2026-03,Beban Bunga - Deposito,118.99000000000001
2026-03,Beban Bunga - Giro,43.64
2026-03,Beban Bunga - Pinjaman yang diterima,25.72
2026-03,Beban Bunga - Surat Berharga Diterbitkan,21.48
2026-03,Beban Bunga - Tabungan,111.04
2026-03,Beban Operasional Lainnya - Beban Administrasi,783.03
2026-03,Beban Operasional Lainnya - Beban Bonus,60.0
2026-03,Beban Operasional Lainnya - Beban CKPN,804.29
2026-03,Beban Operasional Lainnya - Beban Lainnya,36.0
2026-03,Laba Bersih,265.65
2026-03,Pendapatan Bunga - Investasi,184.48
2026-03,Pendapatan Bunga - KPR Non Subsidi,270.25
2026-03,Pendapatan Bunga - KPR Subsidi,171.71
2026-03,Pendapatan Bunga - Konstruksi,138.61
2026-03,Pendapatan Bunga - Modal Kerja,150.84
2026-03,Pendapatan Bunga - Multimanfaat,133.93
2026-03,Pendapatan Bunga - Non KPR,136.06
2026-03,Pendapatan Investasi,111.7
2026-03,Pendapatan Operasional Lainnya - Fee Based Pendapatan Operasional Lainnya,171.82999999999998
2026-03,Pendapatan Operasional Lainnya - Pendapatan Lainnya,746.4300000000001
2026-03,Pendapatan Operasional Lainnya - Pendapatan Sewa,54.0
2026-04,Beban Bunga - Deposito,152.23000000000002
2026-04,Beban Bunga - Giro,60.019999999999996
2026-04,Beban Bunga - Pinjaman yang diterima,33.78
2026-04,Beban Bunga - Surat Berharga Diterbitkan,29.26
2026-04,Beban Bunga - Tabungan,149.89000000000001
2026-04,Beban Operasional Lainnya - Beban Administrasi,1046.03
2026-04,Beban Operasional Lainnya - Beban Bonus,80.0
2026-04,Beban Operasional Lainnya - Beban CKPN,1099.05
2026-04,Beban Operasional Lainnya - Beban Lainnya,48.0
2026-04,Laba Bersih,354.33
2026-04,Pendapatan Bunga - Investasi,240.42999999999998
2026-04,Pendapatan Bunga - KPR Non Subsidi,358.48
2026-04,Pendapatan Bunga - KPR Subsidi,232.82999999999998
2026-04,Pendapatan Bunga - Konstruksi,182.53
2026-04,Pendapatan Bunga - Modal Kerja,197.74
2026-04,Pendapatan Bunga - Multimanfaat,183.24
2026-04,Pendapatan Bunga - Non KPR,186.07
2026-04,Pendapatan Investasi,149.34
2026-04,Pendapatan Operasional Lainnya - Fee Based Pendapatan Operasional Lainnya,231.82999999999998
2026-04,Pendapatan Operasional Lainnya - Pendapatan Lainnya,1018.1
2026-04,Pendapatan Operasional Lainnya - Pendapatan Sewa,72.0
2026-05,Beban Bunga - Deposito,184.8
2026-05,Beban Bunga - Giro,77.50999999999999
2026-05,Beban Bunga - Pinjaman yang diterima,41.9
2026-05,Beban Bunga - Surat Berharga Diterbitkan,37.08
2026-05,Beban Bunga - Tabungan,188.20000000000002
2026-05,Beban Operasional Lainnya - Beban Administrasi,1306.46
2026-05,Beban Operasional Lainnya - Beban Bonus,100.0
2026-05,Beban Operasional Lainnya - Beban CKPN,1398.53
2026-05,Beban Operasional Lainnya - Beban Lainnya,60.0
2026-05,Laba Bersih,442.04
2026-05,Pendapatan Bunga - Investasi,290.66999999999996
2026-05,Pendapatan Bunga - KPR Non Subsidi,446.29999999999995
2026-05,Pendapatan Bunga - KPR Subsidi,296.40999999999997
2026-05,Pendapatan Bunga - Konstruksi,228.15
2026-05,Pendapatan Bunga - Modal Kerja,243.39
2026-05,Pendapatan Bunga - Multimanfaat,234.55
2026-05,Pendapatan Bunga - Non KPR,238.1
2026-05,Pendapatan Investasi,186.86
2026-05,Pendapatan Operasional Lainnya - Fee Based Pendapatan Operasional Lainnya,291.15999999999997
2026-05,Pendapatan Operasional Lainnya - Pendapatan Lainnya,1290.93
2026-05,Pendapatan Operasional Lainnya - Pendapatan Sewa,90.0
2026-06,Beban Bunga - Deposito,217.36
2026-06,Beban Bunga - Giro,94.97999999999999
2026-06,Beban Bunga - Pinjaman yang diterima,49.92
2026-06,Beban Bunga - Surat Berharga Diterbitkan,45.02
2026-06,Beban Bunga - Tabungan,227.22000000000003
2026-06,Beban Operasional Lainnya - Beban Administrasi,1562.8600000000001
2026-06,Beban Operasional Lainnya - Beban Bonus,120.0
2026-06,Beban Operasional Lainnya - Beban CKPN,1694.87
2026-06,Beban Operasional Lainnya - Beban Lainnya,72.0
2026-06,Laba Bersih,533.36
2026-06,Pendapatan Bunga - Investasi,343.32
2026-06,Pendapatan Bunga - KPR Non Subsidi,528.72
2026-06,Pendapatan Bunga - KPR Subsidi,363.38
2026-06,Pendapatan Bunga - Konstruksi,268.61
2026-06,Pendapatan Bunga - Modal Kerja,293.05
2026-06,Pendapatan Bunga - Multimanfaat,286.01
2026-06,Pendapatan Bunga - Non KPR,288.11
2026-06,Pendapatan Investasi,223.9
2026-06,Pendapatan Operasional Lainnya - Fee Based Pendapatan Operasional Lainnya,348.65999999999997
2026-06,Pendapatan Operasional Lainnya - Pendapatan Lainnya,1565.83
2026-06,Pendapatan Operasional Lainnya - Pendapatan Sewa,108.0
2026-07,Beban Bunga - Deposito,251.21
2026-07,Beban Bunga - Giro,111.94999999999999
2026-07,Beban Bunga - Pinjaman yang diterima,58.61
2026-07,Beban Bunga - Surat Berharga Diterbitkan,52.4
2026-07,Beban Bunga - Tabungan,266.28000000000003
2026-07,Beban Operasional Lainnya - Beban Administrasi,1814.8600000000001
2026-07,Beban Operasional Lainnya - Beban Bonus,140.0
2026-07,Beban Operasional Lainnya - Beban CKPN,1981.19
2026-07,Beban Operasional Lainnya - Beban Lainnya,84.0
2026-07,Laba Bersih,619.74
2026-07,Pendapatan Bunga - Investasi,396.33
2026-07,Pendapatan Bunga - KPR Non Subsidi,609.55
2026-07,Pendapatan Bunga - KPR Subsidi,430.53999999999996
2026-07,Pendapatan Bunga - Konstruksi,303.15
2026-07,Pendapatan Bunga - Modal Kerja,345.23
2026-07,Pendapatan Bunga - Multimanfaat,340.03000000000003
2026-07,Pendapatan Bunga - Non KPR,340.69
2026-07,Pendapatan Investasi,260.57
2026-07,Pendapatan Operasional Lainnya - Fee Based Pendapatan Operasional Lainnya,403.65999999999997
2026-07,Pendapatan Operasional Lainnya - Pendapatan Lainnya,1824.49
2026-07,Pendapatan Operasional Lainnya - Pendapatan Sewa,126.0
2026-08,Beban Bunga - Deposito,284.19
2026-08,Beban Bunga - Giro,129.81
2026-08,Beban Bunga - Pinjaman yang diterima,68.09
2026-08,Beban Bunga - Surat Berharga Diterbitkan,59.13
2026-08,Beban Bunga - Tabungan,302.96000000000004
2026-08,Beban Operasional Lainnya - Beban Administrasi,2063.26
2026-08,Beban Operasional Lainnya - Beban Bonus,160.0
2026-08,Beban Operasional Lainnya - Beban CKPN,2253.46
2026-08,Beban Operasional Lainnya - Beban Lainnya,96.0
2026-08,Laba Bersih,697.59
2026-08,Pendapatan Bunga - Investasi,449.58
2026-08,Pendapatan Bunga - KPR Non Subsidi,698.24
2026-08,Pendapatan Bunga - KPR Subsidi,498.11
2026-08,Pendapatan Bunga - Konstruksi,328.62
2026-08,Pendapatan Bunga - Modal Kerja,394.51
2026-08,Pendapatan Bunga - Multimanfaat,399.32
2026-08,Pendapatan Bunga - Non KPR,391.11
2026-08,Pendapatan Investasi,296.38
2026-08,Pendapatan Operasional Lainnya - Fee Based Pendapatan Operasional Lainnya,456.15999999999997
2026-08,Pendapatan Operasional Lainnya - Pendapatan Lainnya,2058.46
2026-08,Pendapatan Operasional Lainnya - Pendapatan Sewa,144.0
2026-09,Beban Bunga - Deposito,318.16
2026-09,Beban Bunga - Giro,145.82999999999998
2026-09,Beban Bunga - Pinjaman yang diterima,77.59
2026-09,Beban Bunga - Surat Berharga Diterbitkan,65.88
2026-09,Beban Bunga - Tabungan,339.11
2026-09,Beban Operasional Lainnya - Beban Administrasi,2309.83
2026-09,Beban Operasional Lainnya - Beban Bonus,180.0
2026-09,Beban Operasional Lainnya - Beban CKPN,2511.58
2026-09,Beban Operasional Lainnya - Beban Lainnya,108.0
2026-09,Laba Bersih,778.85
2026-09,Pendapatan Bunga - Investasi,508.58
2026-09,Pendapatan Bunga - KPR Non Subsidi,789.24
2026-09,Pendapatan Bunga - KPR Subsidi,566.8299999999999
2026-09,Pendapatan Bunga - Konstruksi,356.86
2026-09,Pendapatan Bunga - Modal Kerja,446.41999999999996
2026-09,Pendapatan Bunga - Multimanfaat,462.41
2026-09,Pendapatan Bunga - Non KPR,419.59
2026-09,Pendapatan Investasi,331.77
2026-09,Pendapatan Operasional Lainnya - Fee Based Pendapatan Operasional Lainnya,506.83
2026-09,Pendapatan Operasional Lainnya - Pendapatan Lainnya,2284.3
2026-09,Pendapatan Operasional Lainnya - Pendapatan Sewa,162.0
