period,investment_no,investment_type,investment_amount,collectibility,rate_pa,total_revenue,status
2024-01,INV2035,Surat berharga yang dimiliki - Bank Indonesia,9000.0,1,4.93,36.98,ACTIVE
2024-02,INV2035,Surat berharga yang dimiliki - Bank Indonesia,9150.0,1,4.93,37.59,ACTIVE
2024-03,INV2032,Penempatan dan Giro - Bank Indonesia,3063.91,1,4.51,11.52,ACTIVE
2024-03,INV2035,Surat berharga yang dimiliki - Bank Indonesia,3131.99,1,4.93,12.87,ACTIVE
2024-03,INV2036,Surat berharga yang dimiliki - Pemerintah,3063.91,1,5.42,13.84,ACTIVE
2024-04,INV2032,Penempatan dan Giro - Bank Indonesia,2318.63,1,4.51,8.71,ACTIVE
2024-04,INV2035,Surat berharga yang dimiliki - Bank Indonesia,2369.59,1,4.93,9.74,ACTIVE
2024-04,INV2036,Surat berharga yang dimiliki - Pemerintah,2318.63,1,5.42,10.47,ACTIVE
2024-04,INV2060,Penempatan dan Giro - Bank Lain,2293.15,1,4.8,9.17,ACTIVE
2024-05,INV2027,Penempatan dan Giro - Bank Indonesia,1518.0,1,4.34,5.49,ACTIVE
2024-05,INV2028,Penempatan dan Giro - Bank Indonesia,1518.0,1,3.92,4.96,ACTIVE
2024-05,INV2032,Penempatan dan Giro - Bank Indonesia,1551.73,1,4.51,5.83,ACTIVE
2024-05,INV2035,Surat berharga yang dimiliki - Bank Indonesia,1585.48,1,4.93,6.51,ACTIVE
2024-05,INV2036,Surat berharga yang dimiliki - Pemerintah,1551.73,1,5.42,7.01,ACTIVE
2024-05,INV2060,Penempatan dan Giro - Bank Lain,1534.87,1,4.8,6.14,ACTIVE
2024-06,INV2027,Penempatan dan Giro - Bank Indonesia,1290.93,1,4.34,4.67,ACTIVE
2024-06,INV2028,Penempatan dan Giro - Bank Indonesia,1290.93,1,3.92,4.22,ACTIVE
2024-06,INV2032,Penempatan dan Giro - Bank Indonesia,1319.3,1,4.51,4.96,ACTIVE
2024-06,INV2035,Surat berharga yang dimiliki - Bank Indonesia,1347.68,1,4.93,5.54,ACTIVE
2024-06,INV2036,Surat berharga yang dimiliki - Pemerintah,1319.3,1,5.42,5.96,ACTIVE
2024-06,INV2056,Penempatan dan Giro - Bank Indonesia,1276.74,1,4.33,4.61,ACTIVE
2024-06,INV2060,Penempatan dan Giro - Bank Lain,1305.12,1,4.8,5.22,ACTIVE
2024-07,INV2027,Penempatan dan Giro - Bank Indonesia,1115.9,1,4.34,4.04,ACTIVE
2024-07,INV2028,Penempatan dan Giro - Bank Indonesia,1115.9,1,3.92,3.65,ACTIVE
2024-07,INV2032,Penempatan dan Giro - Bank Indonesia,1140.16,1,4.51,4.29,ACTIVE
2024-07,INV2035,Surat berharga yang dimiliki - Bank Indonesia,1164.44,1,4.93,4.78,ACTIVE
2024-07,INV2036,Surat berharga yang dimiliki - Pemerintah,1140.16,1,5.42,5.15,ACTIVE
2024-07,INV2039,Penempatan dan Giro - Bank Indonesia,1091.64,1,4.46,4.06,ACTIVE
2024-07,INV2056,Penempatan dan Giro - Bank Indonesia,1103.77,1,4.33,3.98,ACTIVE
2024-07,INV2060,Penempatan dan Giro - Bank Lain,1128.03,1,4.8,4.51,ACTIVE
2024-08,INV2027,Penempatan dan Giro - Bank Indonesia,885.0,1,4.34,3.2,ACTIVE
2024-08,INV2028,Penempatan dan Giro - Bank Indonesia,885.0,1,3.92,2.89,ACTIVE
2024-08,INV2032,Penempatan dan Giro - Bank Indonesia,904.03,1,4.51,3.4,ACTIVE
2024-08,INV2035,Surat berharga yang dimiliki - Bank Indonesia,923.07,1,4.93,3.79,ACTIVE
2024-08,INV2036,Surat berharga yang dimiliki - Pemerintah,904.03,1,5.42,4.08,ACTIVE
2024-08,INV2039,Penempatan dan Giro - Bank Indonesia,865.97,1,4.46,3.22,ACTIVE
2024-08,INV2048,Surat berharga yang dimiliki - Bank Indonesia,856.45,1,5.16,3.68,ACTIVE
2024-08,INV2056,Penempatan dan Giro - Bank Indonesia,875.48,1,4.33,3.16,ACTIVE
2024-08,INV2058,Surat berharga yang dimiliki - Bank Lain,856.45,1,6.09,4.35,ACTIVE
2024-08,INV2060,Penempatan dan Giro - Bank Lain,894.52,1,4.8,3.58,ACTIVE
2024-09,INV2027,Penempatan dan Giro - Bank Indonesia,874.02,1,4.34,3.16,ACTIVE
2024-09,INV2028,Penempatan dan Giro - Bank Indonesia,874.02,1,3.92,2.86,ACTIVE
2024-09,INV2032,Penempatan dan Giro - Bank Indonesia,892.62,1,4.51,3.35,ACTIVE
2024-09,INV2035,Surat berharga yang dimiliki - Bank Indonesia,911.19,1,4.93,3.74,ACTIVE
2024-09,INV2036,Surat berharga yang dimiliki - Pemerintah,892.62,1,5.42,4.03,ACTIVE
2024-09,INV2039,Penempatan dan Giro - Bank Indonesia,855.42,1,4.46,3.18,ACTIVE
2024-09,INV2048,Surat berharga yang dimiliki - Bank Indonesia,846.13,1,5.16,3.64,ACTIVE
2024-09,INV2056,Penempatan dan Giro - Bank Indonesia,864.72,1,4.33,3.12,ACTIVE
2024-09,INV2058,Surat berharga yang dimiliki - Bank Lain,846.13,1,6.09,4.29,ACTIVE
2024-09,INV2060,Penempatan dan Giro - Bank Lain,883.32,1,4.8,3.53,ACTIVE
2024-10,INV2027,Penempatan dan Giro - Bank Indonesia,794.71,1,4.34,2.87,ACTIVE
2024-10,INV2028,Penempatan dan Giro - Bank Indonesia,794.71,1,3.92,2.6,ACTIVE
2024-10,INV2032,Penempatan dan Giro - Bank Indonesia,811.44,1,4.51,3.05,ACTIVE
2024-10,INV2035,Surat berharga yang dimiliki - Bank Indonesia,828.17,1,4.93,3.4,ACTIVE
2024-10,INV2036,Surat berharga yang dimiliki - Pemerintah,811.44,1,5.42,3.67,ACTIVE
2024-10,INV2039,Penempatan dan Giro - Bank Indonesia,777.98,1,4.46,2.89,ACTIVE
2024-10,INV2048,Surat berharga yang dimiliki - Bank Indonesia,769.62,1,5.16,3.31,ACTIVE
2024-10,INV2050,Penempatan dan Giro - Bank Indonesia,752.88,1,4.54,2.85,ACTIVE
2024-10,INV2056,Penempatan dan Giro - Bank Indonesia,786.35,1,4.33,2.84,ACTIVE
2024-10,INV2058,Surat berharga yang dimiliki - Bank Lain,769.62,1,6.09,3.91,ACTIVE
2024-10,INV2060,Penempatan dan Giro - Bank Lain,803.08,1,4.8,3.21,ACTIVE
2024-11,INV2025,Surat berharga yang dimiliki - Pemerintah,595.47,1,5.18,2.57,ACTIVE
2024-11,INV2027,Penempatan dan Giro - Bank Indonesia,635.17,1,4.34,2.3,ACTIVE
2024-11,INV2028,Penempatan dan Giro - Bank Indonesia,635.17,1,3.92,2.07,ACTIVE
2024-11,INV2032,Penempatan dan Giro - Bank Indonesia,648.4,1,4.51,2.44,ACTIVE
2024-11,INV2035,Surat berharga yang dimiliki - Bank Indonesia,661.63,1,4.93,2.72,ACTIVE
2024-11,INV2036,Surat berharga yang dimiliki - Pemerintah,648.4,1,5.42,2.93,ACTIVE
2024-11,INV2039,Penempatan dan Giro - Bank Indonesia,621.94,1,4.46,2.31,ACTIVE
2024-11,INV2047,Surat berharga yang dimiliki - Pemerintah,595.47,1,5.16,2.56,ACTIVE
2024-11,INV2048,Surat berharga yang dimiliki - Bank Indonesia,615.32,1,5.16,2.65,ACTIVE
2024-11,INV2050,Penempatan dan Giro - Bank Indonesia,602.09,1,4.54,2.28,ACTIVE
2024-11,INV2056,Penempatan dan Giro - Bank Indonesia,628.55,1,4.33,2.27,ACTIVE
2024-11,INV2058,Surat berharga yang dimiliki - Bank Lain,615.32,1,6.09,3.12,ACTIVE
2024-11,INV2059,Surat berharga yang dimiliki - Bank Indonesia,595.47,1,5.26,2.61,ACTIVE
2024-11,INV2060,Penempatan dan Giro - Bank Lain,641.79,1,4.8,2.57,ACTIVE
2024-12,INV2024,Surat berharga yang dimiliki - Pemerintah,469.91,1,5.6,2.19,ACTIVE
2024-12,INV2025,Surat berharga yang dimiliki - Pemerintah,475.13,1,5.18,2.05,ACTIVE
2024-12,INV2027,Penempatan dan Giro - Bank Indonesia,506.46,1,4.34,1.83,ACTIVE
2024-12,INV2028,Penempatan dan Giro - Bank Indonesia,506.46,1,3.92,1.65,ACTIVE
2024-12,INV2032,Penempatan dan Giro - Bank Indonesia,516.9,1,4.51,1.94,ACTIVE
2024-12,INV2033,Surat berharga yang dimiliki - Korporasi,469.91,1,7.34,2.87,ACTIVE
2024-12,INV2035,Surat berharga yang dimiliki - Bank Indonesia,527.36,1,4.93,2.17,ACTIVE
2024-12,INV2036,Surat berharga yang dimiliki - Pemerintah,516.9,1,5.42,2.33,ACTIVE
2024-12,INV2039,Penempatan dan Giro - Bank Indonesia,496.02,1,4.46,1.84,ACTIVE
2024-12,INV2042,Penempatan dan Giro - Bank Indonesia,469.91,1,4.19,1.64,ACTIVE
2024-12,INV2044,Surat berharga yang dimiliki - Bank Indonesia,469.91,1,4.82,1.89,ACTIVE
2024-12,INV2047,Surat berharga yang dimiliki - Pemerintah,475.13,1,5.16,2.04,ACTIVE
2024-12,INV2048,Surat berharga yang dimiliki - Bank Indonesia,490.8,1,5.16,2.11,ACTIVE
2024-12,INV2050,Penempatan dan Giro - Bank Indonesia,480.35,1,4.54,1.82,ACTIVE
2024-12,INV2056,Penempatan dan Giro - Bank Indonesia,501.24,1,4.33,1.81,ACTIVE
2024-12,INV2058,Surat berharga yang dimiliki - Bank Lain,490.8,1,6.09,2.49,ACTIVE
2024-12,INV2059,Surat berharga yang dimiliki - Bank Indonesia,475.13,1,5.26,2.08,ACTIVE
2024-12,INV2060,Penempatan dan Giro - Bank Lain,511.68,1,4.8,2.05,ACTIVE
2025-01,INV2024,Surat berharga yang dimiliki - Pemerintah,399.24,1,5.6,1.86,ACTIVE
2025-01,INV2025,Surat berharga yang dimiliki - Pemerintah,403.63,1,5.18,1.74,ACTIVE
2025-01,INV2027,Penempatan dan Giro - Bank Indonesia,429.95,1,4.34,1.55,ACTIVE
2025-01,INV2028,Penempatan dan Giro - Bank Indonesia,429.95,1,3.92,1.4,ACTIVE
2025-01,INV2029,Penempatan dan Giro - Bank Indonesia,394.86,1,4.16,1.37,ACTIVE
2025-01,INV2030,Surat berharga yang dimiliki - Bank Indonesia,394.86,1,5.03,1.66,ACTIVE
2025-01,INV2032,Penempatan dan Giro - Bank Indonesia,438.73,1,4.51,1.65,ACTIVE
2025-01,INV2033,Surat berharga yang dimiliki - Korporasi,399.24,1,7.34,2.44,ACTIVE
2025-01,INV2035,Surat berharga yang dimiliki - Bank Indonesia,447.52,1,4.93,1.84,ACTIVE
2025-01,INV2036,Surat berharga yang dimiliki - Pemerintah,438.73,1,5.42,1.98,ACTIVE
2025-01,INV2039,Penempatan dan Giro - Bank Indonesia,421.18,1,4.46,1.57,ACTIVE
2025-01,INV2041,Surat berharga yang dimiliki - Bank Indonesia,394.86,1,4.76,1.57,ACTIVE
2025-01,INV2042,Penempatan dan Giro - Bank Indonesia,399.24,1,4.19,1.39,ACTIVE
2025-01,INV2044,Surat berharga yang dimiliki - Bank Indonesia,399.24,1,4.82,1.6,ACTIVE
2025-01,INV2047,Surat berharga yang dimiliki - Pemerintah,403.63,1,5.16,1.74,ACTIVE
2025-01,INV2048,Surat berharga yang dimiliki - Bank Indonesia,416.79,1,5.16,1.79,ACTIVE
2025-01,INV2050,Penempatan dan Giro - Bank Indonesia,408.02,1,4.54,1.54,ACTIVE
2025-01,INV2056,Penempatan dan Giro - Bank Indonesia,425.57,1,4.33,1.54,ACTIVE
2025-01,INV2058,Surat berharga yang dimiliki - Bank Lain,416.79,1,6.09,2.12,ACTIVE
2025-01,INV2059,Surat berharga yang dimiliki - Bank Indonesia,403.63,1,5.26,1.77,ACTIVE
2025-01,INV2060,Penempatan dan Giro - Bank Lain,434.34,1,4.8,1.74,ACTIVE
2025-02,INV2024,Surat berharga yang dimiliki - Pemerintah,359.95,1,5.6,1.68,ACTIVE
2025-02,INV2025,Surat berharga yang dimiliki - Pemerintah,363.86,1,5.18,1.57,ACTIVE
2025-02,INV2026,Penempatan dan Giro - Bank Lain,352.12,2,4.53,1.33,ACTIVE
2025-02,INV2027,Penempatan dan Giro - Bank Indonesia,387.33,1,4.34,1.4,ACTIVE
2025-02,INV2028,Penempatan dan Giro - Bank Indonesia,387.33,1,3.92,1.27,ACTIVE
2025-02,INV2029,Penempatan dan Giro - Bank Indonesia,356.03,1,4.16,1.23,ACTIVE
2025-02,INV2030,Surat berharga yang dimiliki - Bank Indonesia,356.03,1,5.03,1.49,ACTIVE
2025-02,INV2032,Penempatan dan Giro - Bank Indonesia,395.16,1,4.51,1.49,ACTIVE
2025-02,INV2033,Surat berharga yang dimiliki - Korporasi,359.95,1,7.34,2.2,ACTIVE
2025-02,INV2035,Surat berharga yang dimiliki - Bank Indonesia,399.08,1,4.93,1.64,ACTIVE
2025-02,INV2038,Surat berharga yang dimiliki - Korporasi,352.12,1,7.06,2.07,ACTIVE
2025-02,INV2039,Penempatan dan Giro - Bank Indonesia,379.51,1,4.46,1.41,ACTIVE
2025-02,INV2041,Surat berharga yang dimiliki - Bank Indonesia,356.03,1,4.76,1.41,ACTIVE
2025-02,INV2042,Penempatan dan Giro - Bank Indonesia,359.95,1,4.19,1.26,ACTIVE
2025-02,INV2044,Surat berharga yang dimiliki - Bank Indonesia,359.95,1,4.82,1.45,ACTIVE
2025-02,INV2046,Surat berharga yang dimiliki - Bank Indonesia,352.12,1,5.34,1.57,ACTIVE
2025-02,INV2047,Surat berharga yang dimiliki - Pemerintah,363.86,1,5.16,1.56,ACTIVE
2025-02,INV2048,Surat berharga yang dimiliki - Bank Indonesia,375.6,1,5.16,1.62,ACTIVE
2025-02,INV2050,Penempatan dan Giro - Bank Indonesia,367.77,1,4.54,1.39,ACTIVE
2025-02,INV2056,Penempatan dan Giro - Bank Indonesia,383.42,1,4.33,1.38,ACTIVE
2025-02,INV2058,Surat berharga yang dimiliki - Bank Lain,375.6,1,6.09,1.91,ACTIVE
2025-02,INV2059,Surat berharga yang dimiliki - Bank Indonesia,363.86,1,5.26,1.59,ACTIVE
2025-02,INV2060,Penempatan dan Giro - Bank Lain,391.25,1,4.8,1.57,ACTIVE
2025-02,INV2061,Surat berharga yang dimiliki - Bank Indonesia,352.12,1,4.71,1.38,ACTIVE
2025-03,INV2024,Surat berharga yang dimiliki - Pemerintah,338.04,1,5.6,1.58,ACTIVE
2025-03,INV2025,Surat berharga yang dimiliki - Pemerintah,341.67,1,5.18,1.47,ACTIVE
2025-03,INV2026,Penempatan dan Giro - Bank Lain,330.77,2,4.53,1.25,ACTIVE
2025-03,INV2027,Penempatan dan Giro - Bank Indonesia,363.48,1,4.34,1.31,ACTIVE
2025-03,INV2028,Penempatan dan Giro - Bank Indonesia,363.48,1,3.92,1.19,ACTIVE
2025-03,INV2029,Penempatan dan Giro - Bank Indonesia,334.4,1,4.16,1.16,ACTIVE
2025-03,INV2030,Surat berharga yang dimiliki - Bank Indonesia,334.4,1,5.03,1.4,ACTIVE
2025-03,INV2032,Penempatan dan Giro - Bank Indonesia,370.74,1,4.51,1.39,ACTIVE
2025-03,INV2033,Surat berharga yang dimiliki - Korporasi,338.04,1,7.34,2.07,ACTIVE
2025-03,INV2035,Surat berharga yang dimiliki - Bank Indonesia,370.75,1,4.93,1.52,ACTIVE
2025-03,INV2038,Surat berharga yang dimiliki - Korporasi,330.77,1,7.06,1.95,ACTIVE
2025-03,INV2039,Penempatan dan Giro - Bank Indonesia,356.21,1,4.46,1.32,ACTIVE
2025-03,INV2041,Surat berharga yang dimiliki - Bank Indonesia,334.4,1,4.76,1.33,ACTIVE
2025-03,INV2042,Penempatan dan Giro - Bank Indonesia,338.04,1,4.19,1.18,ACTIVE
2025-03,INV2044,Surat berharga yang dimiliki - Bank Indonesia,338.04,1,4.82,1.36,ACTIVE
2025-03,INV2046,Surat berharga yang dimiliki - Bank Indonesia,330.77,1,5.34,1.47,ACTIVE
2025-03,INV2047,Surat berharga yang dimiliki - Pemerintah,341.67,1,5.16,1.47,ACTIVE
2025-03,INV2048,Surat berharga yang dimiliki - Bank Indonesia,352.58,1,5.16,1.52,ACTIVE
2025-03,INV2050,Penempatan dan Giro - Bank Indonesia,345.31,1,4.54,1.31,ACTIVE
2025-03,INV2052,Surat berharga yang dimiliki - Pemerintah,327.13,1,5.41,1.47,ACTIVE
2025-03,INV2055,Surat berharga yang dimiliki - Pemerintah,327.13,1,5.23,1.43,ACTIVE
2025-03,INV2056,Penempatan dan Giro - Bank Indonesia,359.85,1,4.33,1.3,ACTIVE
2025-03,INV2058,Surat berharga yang dimiliki - Bank Lain,352.58,1,6.09,1.79,ACTIVE
2025-03,INV2059,Surat berharga yang dimiliki - Bank Indonesia,341.67,1,5.26,1.5,ACTIVE
2025-03,INV2060,Penempatan dan Giro - Bank Lain,367.12,1,4.8,1.47,ACTIVE
2025-03,INV2061,Surat berharga yang dimiliki - Bank Indonesia,330.77,1,4.71,1.3,ACTIVE
2025-04,INV2024,Surat berharga yang dimiliki - Pemerintah,316.97,1,5.6,1.48,ACTIVE
2025-04,INV2025,Surat berharga yang dimiliki - Pemerintah,320.34,1,5.18,1.38,ACTIVE
2025-04,INV2026,Penempatan dan Giro - Bank Lain,310.23,2,4.53,1.17,ACTIVE
2025-04,INV2027,Penempatan dan Giro - Bank Indonesia,340.58,1,4.34,1.23,ACTIVE
2025-04,INV2028,Penempatan dan Giro - Bank Indonesia,340.58,1,3.92,1.11,ACTIVE
2025-04,INV2029,Penempatan dan Giro - Bank Indonesia,313.6,1,4.16,1.09,ACTIVE
2025-04,INV2030,Surat berharga yang dimiliki - Bank Indonesia,313.6,1,5.03,1.31,ACTIVE
2025-04,INV2032,Penempatan dan Giro - Bank Indonesia,343.97,1,4.51,1.29,ACTIVE
2025-04,INV2033,Surat berharga yang dimiliki - Korporasi,316.97,1,7.34,1.94,ACTIVE
2025-04,INV2035,Surat berharga yang dimiliki - Bank Indonesia,343.95,1,4.93,1.41,ACTIVE
2025-04,INV2038,Surat berharga yang dimiliki - Korporasi,310.23,1,7.06,1.83,ACTIVE
2025-04,INV2039,Penempatan dan Giro - Bank Indonesia,333.83,1,4.46,1.24,ACTIVE
2025-04,INV2041,Surat berharga yang dimiliki - Bank Indonesia,313.6,1,4.76,1.24,ACTIVE
2025-04,INV2042,Penempatan dan Giro - Bank Indonesia,316.97,1,4.19,1.11,ACTIVE
2025-04,INV2044,Surat berharga yang dimiliki - Bank Indonesia,316.97,1,4.82,1.27,ACTIVE
2025-04,INV2046,Surat berharga yang dimiliki - Bank Indonesia,310.23,1,5.34,1.38,ACTIVE
2025-04,INV2047,Surat berharga yang dimiliki - Pemerintah,320.34,1,5.16,1.38,ACTIVE
2025-04,INV2048,Surat berharga yang dimiliki - Bank Indonesia,330.46,1,5.16,1.42,ACTIVE
2025-04,INV2050,Penempatan dan Giro - Bank Indonesia,323.72,1,4.54,1.22,ACTIVE
2025-04,INV2052,Surat berharga yang dimiliki - Pemerintah,306.86,1,5.41,1.38,ACTIVE
2025-04,INV2055,Surat berharga yang dimiliki - Pemerintah,306.86,1,5.23,1.34,ACTIVE
2025-04,INV2056,Penempatan dan Giro - Bank Indonesia,337.2,1,4.33,1.22,ACTIVE
2025-04,INV2057,Surat berharga yang dimiliki - Pemerintah,303.48,1,5.58,1.41,ACTIVE
2025-04,INV2058,Surat berharga yang dimiliki - Bank Lain,330.46,1,6.09,1.68,ACTIVE
2025-04,INV2059,Surat berharga yang dimiliki - Bank Indonesia,320.34,1,5.26,1.4,ACTIVE
2025-04,INV2060,Penempatan dan Giro - Bank Lain,343.95,1,4.8,1.38,ACTIVE
2025-04,INV2061,Surat berharga yang dimiliki - Bank Indonesia,310.23,1,4.71,1.22,ACTIVE
2025-04,INV2064,Surat berharga yang dimiliki - Pemerintah,303.48,1,5.31,1.34,ACTIVE
2025-05,INV2024,Surat berharga yang dimiliki - Pemerintah,297.41,1,5.6,1.39,ACTIVE
2025-05,INV2025,Surat berharga yang dimiliki - Pemerintah,300.54,1,5.18,1.3,ACTIVE
2025-05,INV2026,Penempatan dan Giro - Bank Lain,291.15,2,4.53,1.1,ACTIVE
2025-05,INV2027,Penempatan dan Giro - Bank Indonesia,319.3,1,4.34,1.15,ACTIVE
2025-05,INV2028,Penempatan dan Giro - Bank Indonesia,319.32,1,3.92,1.04,ACTIVE
2025-05,INV2029,Penempatan dan Giro - Bank Indonesia,294.28,1,4.16,1.02,ACTIVE
2025-05,INV2030,Surat berharga yang dimiliki - Bank Indonesia,294.28,1,5.03,1.23,ACTIVE
2025-05,INV2033,Surat berharga yang dimiliki - Korporasi,297.41,1,7.34,1.82,ACTIVE
2025-05,INV2035,Surat berharga yang dimiliki - Bank Indonesia,319.32,1,4.93,1.31,ACTIVE
2025-05,INV2038,Surat berharga yang dimiliki - Korporasi,291.15,1,7.06,1.71,ACTIVE
2025-05,INV2039,Penempatan dan Giro - Bank Indonesia,313.06,1,4.46,1.16,ACTIVE
2025-05,INV2041,Surat berharga yang dimiliki - Bank Indonesia,294.28,1,4.76,1.17,ACTIVE
2025-05,INV2042,Penempatan dan Giro - Bank Indonesia,297.41,1,4.19,1.04,ACTIVE
2025-05,INV2044,Surat berharga yang dimiliki - Bank Indonesia,297.41,1,4.82,1.19,ACTIVE
2025-05,INV2046,Surat berharga yang dimiliki - Bank Indonesia,291.15,1,5.34,1.3,ACTIVE
2025-05,INV2047,Surat berharga yang dimiliki - Pemerintah,300.54,1,5.16,1.29,ACTIVE
2025-05,INV2048,Surat berharga yang dimiliki - Bank Indonesia,309.93,1,5.16,1.33,ACTIVE
2025-05,INV2049,Surat berharga yang dimiliki - Pemerintah,281.75,1,5.26,1.24,ACTIVE
2025-05,INV2050,Penempatan dan Giro - Bank Indonesia,303.67,1,4.54,1.15,ACTIVE
2025-05,INV2052,Surat berharga yang dimiliki - Pemerintah,288.02,1,5.41,1.3,ACTIVE
2025-05,INV2054,Surat berharga yang dimiliki - Pemerintah,281.75,1,5.4,1.27,ACTIVE
2025-05,INV2055,Surat berharga yang dimiliki - Pemerintah,288.02,1,5.23,1.26,ACTIVE
2025-05,INV2056,Penempatan dan Giro - Bank Indonesia,316.19,1,4.33,1.14,ACTIVE
2025-05,INV2057,Surat berharga yang dimiliki - Pemerintah,284.89,1,5.58,1.32,ACTIVE
2025-05,INV2058,Surat berharga yang dimiliki - Bank Lain,309.93,1,6.09,1.57,ACTIVE
2025-05,INV2059,Surat berharga yang dimiliki - Bank Indonesia,300.54,1,5.26,1.32,ACTIVE
2025-05,INV2060,Penempatan dan Giro - Bank Lain,319.32,1,4.8,1.28,ACTIVE
2025-05,INV2061,Surat berharga yang dimiliki - Bank Indonesia,291.15,1,4.71,1.14,ACTIVE
2025-05,INV2063,Surat berharga yang dimiliki - Bank Lain,281.75,1,6.28,1.47,ACTIVE
2025-05,INV2064,Surat berharga yang dimiliki - Pemerintah,284.89,1,5.31,1.26,ACTIVE
2025-06,INV2024,Surat berharga yang dimiliki - Pemerintah,286.45,1,5.6,1.34,ACTIVE
2025-06,INV2025,Surat berharga yang dimiliki - Pemerintah,289.43,1,5.18,1.25,ACTIVE
2025-06,INV2026,Penempatan dan Giro - Bank Lain,280.48,2,4.53,1.06,ACTIVE
2025-06,INV2027,Penempatan dan Giro - Bank Indonesia,304.35,1,4.34,1.1,ACTIVE
2025-06,INV2028,Penempatan dan Giro - Bank Indonesia,304.35,1,3.92,0.99,ACTIVE
2025-06,INV2029,Penempatan dan Giro - Bank Indonesia,283.46,1,4.16,0.98,ACTIVE
2025-06,INV2030,Surat berharga yang dimiliki - Bank Indonesia,283.46,1,5.03,1.19,ACTIVE
2025-06,INV2031,Surat berharga yang dimiliki - Pemerintah,268.54,1,5.26,1.18,ACTIVE
2025-06,INV2033,Surat berharga yang dimiliki - Korporasi,286.45,1,7.34,1.75,ACTIVE
2025-06,INV2038,Surat berharga yang dimiliki - Korporasi,280.48,1,7.06,1.65,ACTIVE
2025-06,INV2039,Penempatan dan Giro - Bank Indonesia,301.37,1,4.46,1.12,ACTIVE
2025-06,INV2041,Surat berharga yang dimiliki - Bank Indonesia,283.46,1,4.76,1.12,ACTIVE
2025-06,INV2042,Penempatan dan Giro - Bank Indonesia,286.45,1,4.19,1.0,ACTIVE
2025-06,INV2044,Surat berharga yang dimiliki - Bank Indonesia,286.45,1,4.82,1.15,ACTIVE
2025-06,INV2046,Surat berharga yang dimiliki - Bank Indonesia,280.48,1,5.34,1.25,ACTIVE
2025-06,INV2047,Surat berharga yang dimiliki - Pemerintah,289.43,1,5.16,1.24,ACTIVE
2025-06,INV2048,Surat berharga yang dimiliki - Bank Indonesia,298.38,1,5.16,1.28,ACTIVE
2025-06,INV2049,Surat berharga yang dimiliki - Pemerintah,271.53,1,5.26,1.19,ACTIVE
2025-06,INV2050,Penempatan dan Giro - Bank Indonesia,292.41,1,4.54,1.11,ACTIVE
2025-06,INV2051,Penempatan dan Giro - Bank Lain,268.54,1,4.84,1.08,ACTIVE
2025-06,INV2052,Surat berharga yang dimiliki - Pemerintah,277.49,1,5.41,1.25,ACTIVE
2025-06,INV2054,Surat berharga yang dimiliki - Pemerintah,271.53,1,5.4,1.22,ACTIVE
2025-06,INV2055,Surat berharga yang dimiliki - Pemerintah,277.49,1,5.23,1.21,ACTIVE
2025-06,INV2056,Penempatan dan Giro - Bank Indonesia,304.35,1,4.33,1.1,ACTIVE
2025-06,INV2057,Surat berharga yang dimiliki - Pemerintah,274.51,1,5.58,1.28,ACTIVE
2025-06,INV2058,Surat berharga yang dimiliki - Bank Lain,298.38,1,6.09,1.51,ACTIVE
2025-06,INV2059,Surat berharga yang dimiliki - Bank Indonesia,289.43,1,5.26,1.27,ACTIVE
2025-06,INV2060,Penempatan dan Giro - Bank Lain,304.35,1,4.8,1.22,ACTIVE
2025-06,INV2061,Surat berharga yang dimiliki - Bank Indonesia,280.48,1,4.71,1.1,ACTIVE
2025-06,INV2063,Surat berharga yang dimiliki - Bank Lain,271.53,1,6.28,1.42,ACTIVE
2025-06,INV2064,Surat berharga yang dimiliki - Pemerintah,274.51,1,5.31,1.21,ACTIVE
2025-07,INV2024,Surat berharga yang dimiliki - Pemerintah,293.22,1,5.6,1.37,ACTIVE
2025-07,INV2025,Surat berharga yang dimiliki - Pemerintah,296.25,1,5.18,1.28,ACTIVE
2025-07,INV2026,Penempatan dan Giro - Bank Lain,287.18,2,4.53,1.08,ACTIVE
2025-07,INV2027,Penempatan dan Giro - Bank Indonesia,308.33,1,4.34,1.12,ACTIVE
2025-07,INV2029,Penempatan dan Giro - Bank Indonesia,290.2,1,4.16,1.01,ACTIVE
2025-07,INV2031,Surat berharga yang dimiliki - Pemerintah,275.09,1,5.26,1.21,ACTIVE
2025-07,INV2033,Surat berharga yang dimiliki - Korporasi,293.22,1,7.34,1.79,ACTIVE
2025-07,INV2034,Penempatan dan Giro - Bank Lain,272.06,1,4.81,1.09,ACTIVE
2025-07,INV2038,Surat berharga yang dimiliki - Korporasi,287.18,1,7.06,1.69,ACTIVE
2025-07,INV2039,Penempatan dan Giro - Bank Indonesia,308.34,1,4.46,1.15,ACTIVE
2025-07,INV2041,Surat berharga yang dimiliki - Bank Indonesia,290.2,1,4.76,1.15,ACTIVE
2025-07,INV2042,Penempatan dan Giro - Bank Indonesia,293.22,1,4.19,1.02,ACTIVE
2025-07,INV2046,Surat berharga yang dimiliki - Bank Indonesia,287.18,1,5.34,1.28,ACTIVE
2025-07,INV2047,Surat berharga yang dimiliki - Pemerintah,296.25,1,5.16,1.27,ACTIVE
2025-07,INV2048,Surat berharga yang dimiliki - Bank Indonesia,305.32,1,5.16,1.31,ACTIVE
2025-07,INV2049,Surat berharga yang dimiliki - Pemerintah,278.11,1,5.26,1.22,ACTIVE
2025-07,INV2050,Penempatan dan Giro - Bank Indonesia,299.27,1,4.54,1.13,ACTIVE
2025-07,INV2051,Penempatan dan Giro - Bank Lain,275.09,1,4.84,1.11,ACTIVE
2025-07,INV2052,Surat berharga yang dimiliki - Pemerintah,284.16,1,5.41,1.28,ACTIVE
2025-07,INV2053,Surat berharga yang dimiliki - Pemerintah,272.06,1,5.84,1.32,ACTIVE
2025-07,INV2054,Surat berharga yang dimiliki - Pemerintah,278.11,1,5.4,1.25,ACTIVE
2025-07,INV2055,Surat berharga yang dimiliki - Pemerintah,284.16,1,5.23,1.24,ACTIVE
2025-07,INV2056,Penempatan dan Giro - Bank Indonesia,308.34,1,4.33,1.11,ACTIVE
2025-07,INV2057,Surat berharga yang dimiliki - Pemerintah,281.13,1,5.58,1.31,ACTIVE
2025-07,INV2058,Surat berharga yang dimiliki - Bank Lain,305.32,1,6.09,1.55,ACTIVE
2025-07,INV2059,Surat berharga yang dimiliki - Bank Indonesia,296.25,1,5.26,1.3,ACTIVE
2025-07,INV2060,Penempatan dan Giro - Bank Lain,308.34,1,4.8,1.23,ACTIVE
2025-07,INV2061,Surat berharga yang dimiliki - Bank Indonesia,287.18,1,4.71,1.13,ACTIVE
2025-07,INV2063,Surat berharga yang dimiliki - Bank Lain,278.11,1,6.28,1.46,ACTIVE
2025-07,INV2064,Surat berharga yang dimiliki - Pemerintah,281.13,1,5.31,1.24,ACTIVE
2025-08,INV2024,Surat berharga yang dimiliki - Pemerintah,281.74,1,5.6,1.31,ACTIVE
2025-08,INV2025,Surat berharga yang dimiliki - Pemerintah,284.62,1,5.18,1.23,ACTIVE
2025-08,INV2026,Penempatan dan Giro - Bank Lain,275.99,2,4.53,1.04,ACTIVE
2025-08,INV2027,Penempatan dan Giro - Bank Indonesia,293.24,1,4.34,1.06,ACTIVE
2025-08,INV2029,Penempatan dan Giro - Bank Indonesia,278.87,1,4.16,0.97,ACTIVE
2025-08,INV2031,Surat berharga yang dimiliki - Pemerintah,264.49,1,5.26,1.16,ACTIVE
2025-08,INV2033,Surat berharga yang dimiliki - Korporasi,281.74,1,7.34,1.72,ACTIVE
2025-08,INV2034,Penempatan dan Giro - Bank Lain,261.62,1,4.81,1.05,ACTIVE
2025-08,INV2038,Surat berharga yang dimiliki - Korporasi,275.99,1,7.06,1.62,ACTIVE
2025-08,INV2040,Surat berharga yang dimiliki - Korporasi,258.74,1,7.12,1.54,ACTIVE
2025-08,INV2041,Surat berharga yang dimiliki - Bank Indonesia,278.87,1,4.76,1.11,ACTIVE
2025-08,INV2045,Surat berharga yang dimiliki - Bank Lain,258.74,1,5.77,1.24,ACTIVE
2025-08,INV2046,Surat berharga yang dimiliki - Bank Indonesia,275.99,1,5.34,1.23,ACTIVE
2025-08,INV2047,Surat berharga yang dimiliki - Pemerintah,284.62,1,5.16,1.22,ACTIVE
2025-08,INV2048,Surat berharga yang dimiliki - Bank Indonesia,293.24,1,5.16,1.26,ACTIVE
2025-08,INV2049,Surat berharga yang dimiliki - Pemerintah,267.37,1,5.26,1.17,ACTIVE
2025-08,INV2050,Penempatan dan Giro - Bank Indonesia,287.49,1,4.54,1.09,ACTIVE
2025-08,INV2051,Penempatan dan Giro - Bank Lain,264.49,1,4.84,1.07,ACTIVE
2025-08,INV2052,Surat berharga yang dimiliki - Pemerintah,273.12,1,5.41,1.23,ACTIVE
2025-08,INV2053,Surat berharga yang dimiliki - Pemerintah,261.62,1,5.84,1.27,ACTIVE
2025-08,INV2054,Surat berharga yang dimiliki - Pemerintah,267.37,1,5.4,1.2,ACTIVE
2025-08,INV2055,Surat berharga yang dimiliki - Pemerintah,273.12,1,5.23,1.19,ACTIVE
2025-08,INV2056,Penempatan dan Giro - Bank Indonesia,293.24,1,4.33,1.06,ACTIVE
2025-08,INV2057,Surat berharga yang dimiliki - Pemerintah,270.24,1,5.58,1.26,ACTIVE
2025-08,INV2058,Surat berharga yang dimiliki - Bank Lain,293.24,1,6.09,1.49,ACTIVE
2025-08,INV2059,Surat berharga yang dimiliki - Bank Indonesia,284.62,1,5.26,1.25,ACTIVE
2025-08,INV2060,Penempatan dan Giro - Bank Lain,293.24,1,4.8,1.17,ACTIVE
2025-08,INV2061,Surat berharga yang dimiliki - Bank Indonesia,275.99,1,4.71,1.08,ACTIVE
2025-08,INV2063,Surat berharga yang dimiliki - Bank Lain,267.37,1,6.28,1.4,ACTIVE
2025-08,INV2064,Surat berharga yang dimiliki - Pemerintah,270.24,1,5.31,1.2,ACTIVE
2025-08,INV2065,Surat berharga yang dimiliki - Pemerintah,258.74,1,5.61,1.21,ACTIVE
2025-09,INV2024,Surat berharga yang dimiliki - Pemerintah,279.18,1,5.6,1.3,ACTIVE
2025-09,INV2025,Surat berharga yang dimiliki - Pemerintah,282.0,1,5.18,1.22,ACTIVE
2025-09,INV2026,Penempatan dan Giro - Bank Lain,273.54,2,4.53,1.03,ACTIVE
2025-09,INV2027,Penempatan dan Giro - Bank Indonesia,287.57,1,4.34,1.04,ACTIVE
2025-09,INV2029,Penempatan dan Giro - Bank Indonesia,276.36,1,4.16,0.96,ACTIVE
2025-09,INV2031,Surat berharga yang dimiliki - Pemerintah,262.26,1,5.26,1.15,ACTIVE
2025-09,INV2033,Surat berharga yang dimiliki - Korporasi,279.18,1,7.34,1.71,ACTIVE
2025-09,INV2034,Penempatan dan Giro - Bank Lain,259.44,1,4.81,1.04,ACTIVE
2025-09,INV2037,Surat berharga yang dimiliki - Pemerintah,253.8,1,5.81,1.23,ACTIVE
2025-09,INV2038,Surat berharga yang dimiliki - Korporasi,273.54,1,7.06,1.61,ACTIVE
2025-09,INV2040,Surat berharga yang dimiliki - Korporasi,256.62,1,7.12,1.52,ACTIVE
2025-09,INV2041,Surat berharga yang dimiliki - Bank Indonesia,276.36,1,4.76,1.1,ACTIVE
2025-09,INV2045,Surat berharga yang dimiliki - Bank Lain,256.62,1,5.77,1.23,ACTIVE
2025-09,INV2047,Surat berharga yang dimiliki - Pemerintah,282.0,1,5.16,1.21,ACTIVE
2025-09,INV2048,Surat berharga yang dimiliki - Bank Indonesia,287.64,1,5.16,1.24,ACTIVE
2025-09,INV2049,Surat berharga yang dimiliki - Pemerintah,265.08,1,5.26,1.16,ACTIVE
2025-09,INV2050,Penempatan dan Giro - Bank Indonesia,284.82,1,4.54,1.08,ACTIVE
2025-09,INV2051,Penempatan dan Giro - Bank Lain,262.26,1,4.84,1.06,ACTIVE
2025-09,INV2052,Surat berharga yang dimiliki - Pemerintah,270.72,1,5.41,1.22,ACTIVE
2025-09,INV2053,Surat berharga yang dimiliki - Pemerintah,259.44,1,5.84,1.26,ACTIVE
2025-09,INV2054,Surat berharga yang dimiliki - Pemerintah,265.08,1,5.4,1.19,ACTIVE
2025-09,INV2055,Surat berharga yang dimiliki - Pemerintah,270.72,1,5.23,1.18,ACTIVE
2025-09,INV2056,Penempatan dan Giro - Bank Indonesia,287.64,1,4.33,1.04,ACTIVE
2025-09,INV2057,Surat berharga yang dimiliki - Pemerintah,267.9,1,5.58,1.25,ACTIVE
2025-09,INV2058,Surat berharga yang dimiliki - Bank Lain,287.64,1,6.09,1.46,ACTIVE
2025-09,INV2059,Surat berharga yang dimiliki - Bank Indonesia,282.0,1,5.26,1.24,ACTIVE
2025-09,INV2060,Penempatan dan Giro - Bank Lain,287.64,1,4.8,1.15,ACTIVE
2025-09,INV2061,Surat berharga yang dimiliki - Bank Indonesia,273.54,1,4.71,1.07,ACTIVE
2025-09,INV2063,Surat berharga yang dimiliki - Bank Lain,265.08,1,6.28,1.39,ACTIVE
2025-09,INV2064,Surat berharga yang dimiliki - Pemerintah,267.9,1,5.31,1.19,ACTIVE
2025-09,INV2065,Surat berharga yang dimiliki - Pemerintah,256.62,1,5.61,1.2,ACTIVE
2025-10,INV2024,Surat berharga yang dimiliki - Pemerintah,271.06,1,5.6,1.26,ACTIVE
2025-10,INV2025,Surat berharga yang dimiliki - Pemerintah,273.77,1,5.18,1.18,ACTIVE
2025-10,INV2026,Penempatan dan Giro - Bank Lain,265.63,2,4.53,1.0,ACTIVE
2025-10,INV2027,Penempatan dan Giro - Bank Indonesia,276.49,1,4.34,1.0,ACTIVE
2025-10,INV2029,Penempatan dan Giro - Bank Indonesia,268.34,1,4.16,0.93,ACTIVE
2025-10,INV2031,Surat berharga yang dimiliki - Pemerintah,254.79,1,5.26,1.12,ACTIVE
2025-10,INV2034,Penempatan dan Giro - Bank Lain,252.08,1,4.81,1.01,ACTIVE
2025-10,INV2037,Surat berharga yang dimiliki - Pemerintah,246.66,1,5.81,1.19,ACTIVE
2025-10,INV2038,Surat berharga yang dimiliki - Korporasi,265.63,1,7.06,1.56,ACTIVE
2025-10,INV2040,Surat berharga yang dimiliki - Korporasi,249.37,1,7.12,1.48,ACTIVE
2025-10,INV2041,Surat berharga yang dimiliki - Bank Indonesia,268.34,1,4.76,1.06,ACTIVE
2025-10,INV2043,Surat berharga yang dimiliki - Pemerintah,243.95,1,5.5,1.12,ACTIVE
2025-10,INV2045,Surat berharga yang dimiliki - Bank Lain,249.37,1,5.77,1.2,ACTIVE
2025-10,INV2047,Surat berharga yang dimiliki - Pemerintah,273.77,1,5.16,1.18,ACTIVE
2025-10,INV2048,Surat berharga yang dimiliki - Bank Indonesia,276.48,1,5.16,1.19,ACTIVE
2025-10,INV2049,Surat berharga yang dimiliki - Pemerintah,257.5,1,5.26,1.13,ACTIVE
2025-10,INV2050,Penempatan dan Giro - Bank Indonesia,276.48,1,4.54,1.05,ACTIVE
2025-10,INV2051,Penempatan dan Giro - Bank Lain,254.79,1,4.84,1.03,ACTIVE
2025-10,INV2052,Surat berharga yang dimiliki - Pemerintah,262.92,1,5.41,1.19,ACTIVE
2025-10,INV2053,Surat berharga yang dimiliki - Pemerintah,252.08,1,5.84,1.23,ACTIVE
2025-10,INV2054,Surat berharga yang dimiliki - Pemerintah,257.5,1,5.4,1.16,ACTIVE
2025-10,INV2055,Surat berharga yang dimiliki - Pemerintah,262.92,1,5.23,1.15,ACTIVE
2025-10,INV2056,Penempatan dan Giro - Bank Indonesia,276.48,1,4.33,1.0,ACTIVE
2025-10,INV2057,Surat berharga yang dimiliki - Pemerintah,260.21,1,5.58,1.21,ACTIVE
2025-10,INV2058,Surat berharga yang dimiliki - Bank Lain,276.48,1,6.09,1.4,ACTIVE
2025-10,INV2059,Surat berharga yang dimiliki - Bank Indonesia,273.77,1,5.26,1.2,ACTIVE
2025-10,INV2060,Penempatan dan Giro - Bank Lain,276.48,1,4.8,1.11,ACTIVE
2025-10,INV2061,Surat berharga yang dimiliki - Bank Indonesia,265.63,1,4.71,1.04,ACTIVE
2025-10,INV2062,Surat berharga yang dimiliki - Bank Indonesia,243.95,1,4.67,0.95,ACTIVE
2025-10,INV2063,Surat berharga yang dimiliki - Bank Lain,257.5,1,6.28,1.35,ACTIVE
2025-10,INV2064,Surat berharga yang dimiliki - Pemerintah,260.21,1,5.31,1.15,ACTIVE
2025-10,INV2065,Surat berharga yang dimiliki - Pemerintah,249.37,1,5.61,1.17,ACTIVE
2025-11,INV2024,Surat berharga yang dimiliki - Pemerintah,291.04,1,5.6,1.36,ACTIVE
2025-11,INV2025,Surat berharga yang dimiliki - Pemerintah,293.93,1,5.18,1.27,ACTIVE
2025-11,INV2026,Penempatan dan Giro - Bank Lain,285.28,2,4.53,1.08,ACTIVE
2025-11,INV2027,Penempatan dan Giro - Bank Indonesia,293.92,1,4.34,1.06,ACTIVE
2025-11,INV2029,Penempatan dan Giro - Bank Indonesia,288.16,1,4.16,1.0,ACTIVE
2025-11,INV2031,Surat berharga yang dimiliki - Pemerintah,273.75,1,5.26,1.2,ACTIVE
2025-11,INV2034,Penempatan dan Giro - Bank Lain,270.87,1,4.81,1.09,ACTIVE
2025-11,INV2037,Surat berharga yang dimiliki - Pemerintah,265.11,1,5.81,1.28,ACTIVE
2025-11,INV2040,Surat berharga yang dimiliki - Korporasi,267.99,1,7.12,1.59,ACTIVE
2025-11,INV2041,Surat berharga yang dimiliki - Bank Indonesia,288.16,1,4.76,1.14,ACTIVE
2025-11,INV2043,Surat berharga yang dimiliki - Pemerintah,262.23,1,5.5,1.2,ACTIVE
2025-11,INV2045,Surat berharga yang dimiliki - Bank Lain,267.99,1,5.77,1.29,ACTIVE
2025-11,INV2047,Surat berharga yang dimiliki - Pemerintah,293.92,1,5.16,1.26,ACTIVE
2025-11,INV2048,Surat berharga yang dimiliki - Bank Indonesia,293.92,1,5.16,1.26,ACTIVE
2025-11,INV2049,Surat berharga yang dimiliki - Pemerintah,276.63,1,5.26,1.21,ACTIVE
2025-11,INV2050,Penempatan dan Giro - Bank Indonesia,293.92,1,4.54,1.11,ACTIVE
2025-11,INV2051,Penempatan dan Giro - Bank Lain,273.75,1,4.84,1.1,ACTIVE
2025-11,INV2052,Surat berharga yang dimiliki - Pemerintah,282.4,1,5.41,1.27,ACTIVE
2025-11,INV2053,Surat berharga yang dimiliki - Pemerintah,270.87,1,5.84,1.32,ACTIVE
2025-11,INV2054,Surat berharga yang dimiliki - Pemerintah,276.63,1,5.4,1.24,ACTIVE
2025-11,INV2055,Surat berharga yang dimiliki - Pemerintah,282.4,1,5.23,1.23,ACTIVE
2025-11,INV2056,Penempatan dan Giro - Bank Indonesia,293.92,1,4.33,1.06,ACTIVE
2025-11,INV2057,Surat berharga yang dimiliki - Pemerintah,279.51,1,5.58,1.3,ACTIVE
2025-11,INV2058,Surat berharga yang dimiliki - Bank Lain,293.92,1,6.09,1.49,ACTIVE
2025-11,INV2059,Surat berharga yang dimiliki - Bank Indonesia,293.92,1,5.26,1.29,ACTIVE
2025-11,INV2060,Penempatan dan Giro - Bank Lain,293.92,1,4.8,1.18,ACTIVE
2025-11,INV2061,Surat berharga yang dimiliki - Bank Indonesia,285.28,1,4.71,1.12,ACTIVE
2025-11,INV2062,Surat berharga yang dimiliki - Bank Indonesia,262.23,1,4.67,1.02,ACTIVE
2025-11,INV2063,Surat berharga yang dimiliki - Bank Lain,276.63,1,6.28,1.45,ACTIVE
2025-11,INV2065,Surat berharga yang dimiliki - Pemerintah,267.99,1,5.61,1.25,ACTIVE
2025-12,INV2024,Surat berharga yang dimiliki - Pemerintah,295.6,1,5.6,1.38,ACTIVE
2025-12,INV2025,Surat berharga yang dimiliki - Pemerintah,295.63,1,5.18,1.28,ACTIVE
2025-12,INV2026,Penempatan dan Giro - Bank Lain,289.83,2,4.53,1.09,ACTIVE
2025-12,INV2027,Penempatan dan Giro - Bank Indonesia,295.63,1,4.34,1.07,ACTIVE
2025-12,INV2029,Penempatan dan Giro - Bank Indonesia,292.73,1,4.16,1.01,ACTIVE
2025-12,INV2031,Surat berharga yang dimiliki - Pemerintah,278.24,1,5.26,1.22,ACTIVE
2025-12,INV2034,Penempatan dan Giro - Bank Lain,275.34,1,4.81,1.1,ACTIVE
2025-12,INV2037,Surat berharga yang dimiliki - Pemerintah,269.54,1,5.81,1.31,ACTIVE
2025-12,INV2040,Surat berharga yang dimiliki - Korporasi,272.44,1,7.12,1.62,ACTIVE
2025-12,INV2041,Surat berharga yang dimiliki - Bank Indonesia,292.73,1,4.76,1.16,ACTIVE
2025-12,INV2043,Surat berharga yang dimiliki - Pemerintah,266.64,1,5.5,1.22,ACTIVE
2025-12,INV2045,Surat berharga yang dimiliki - Bank Lain,272.44,1,5.77,1.31,ACTIVE
2025-12,INV2047,Surat berharga yang dimiliki - Pemerintah,295.63,1,5.16,1.27,ACTIVE
2025-12,INV2048,Surat berharga yang dimiliki - Bank Indonesia,295.63,1,5.16,1.27,ACTIVE
2025-12,INV2049,Surat berharga yang dimiliki - Pemerintah,281.14,1,5.26,1.23,ACTIVE
2025-12,INV2050,Penempatan dan Giro - Bank Indonesia,295.63,1,4.54,1.12,ACTIVE
2025-12,INV2051,Penempatan dan Giro - Bank Lain,278.24,1,4.84,1.12,ACTIVE
2025-12,INV2052,Surat berharga yang dimiliki - Pemerintah,286.93,1,5.41,1.29,ACTIVE
2025-12,INV2053,Surat berharga yang dimiliki - Pemerintah,275.34,1,5.84,1.34,ACTIVE
2025-12,INV2054,Surat berharga yang dimiliki - Pemerintah,281.14,1,5.4,1.27,ACTIVE
2025-12,INV2055,Surat berharga yang dimiliki - Pemerintah,286.93,1,5.23,1.25,ACTIVE
2025-12,INV2056,Penempatan dan Giro - Bank Indonesia,295.63,1,4.33,1.07,ACTIVE
2025-12,INV2057,Surat berharga yang dimiliki - Pemerintah,284.03,1,5.58,1.32,ACTIVE
2025-12,INV2058,Surat berharga yang dimiliki - Bank Lain,295.63,1,6.09,1.5,ACTIVE
2025-12,INV2059,Surat berharga yang dimiliki - Bank Indonesia,295.63,1,5.26,1.3,ACTIVE
2025-12,INV2060,Penempatan dan Giro - Bank Lain,295.63,1,4.8,1.18,ACTIVE
2025-12,INV2061,Surat berharga yang dimiliki - Bank Indonesia,289.83,1,4.71,1.14,ACTIVE
2025-12,INV2062,Surat berharga yang dimiliki - Bank Indonesia,266.64,1,4.67,1.04,ACTIVE
2025-12,INV2063,Surat berharga yang dimiliki - Bank Lain,281.14,1,6.28,1.47,ACTIVE
2025-12,INV2065,Surat berharga yang dimiliki - Pemerintah,272.44,1,5.61,1.27,ACTIVE
2026-01,INV2024,Surat berharga yang dimiliki - Pemerintah,288.52,1,5.6,1.35,ACTIVE
2026-01,INV2025,Surat berharga yang dimiliki - Pemerintah,288.48,1,5.18,1.25,ACTIVE
2026-01,INV2026,Penempatan dan Giro - Bank Lain,285.66,2,4.53,1.08,ACTIVE
2026-01,INV2027,Penempatan dan Giro - Bank Indonesia,288.48,1,4.34,1.04,ACTIVE
2026-01,INV2029,Penempatan dan Giro - Bank Indonesia,288.48,1,4.16,1.0,ACTIVE
2026-01,INV2031,Surat berharga yang dimiliki - Pemerintah,274.34,1,5.26,1.2,ACTIVE
2026-01,INV2034,Penempatan dan Giro - Bank Lain,271.52,1,4.81,1.09,ACTIVE
2026-01,INV2037,Surat berharga yang dimiliki - Pemerintah,265.86,1,5.81,1.29,ACTIVE
2026-01,INV2040,Surat berharga yang dimiliki - Korporasi,268.69,1,7.12,1.59,ACTIVE
2026-01,INV2041,Surat berharga yang dimiliki - Bank Indonesia,288.48,1,4.76,1.14,ACTIVE
2026-01,INV2043,Surat berharga yang dimiliki - Pemerintah,263.03,1,5.5,1.21,ACTIVE
2026-01,INV2045,Surat berharga yang dimiliki - Bank Lain,268.69,1,5.77,1.29,ACTIVE
2026-01,INV2047,Surat berharga yang dimiliki - Pemerintah,288.48,1,5.16,1.24,ACTIVE
2026-01,INV2048,Surat berharga yang dimiliki - Bank Indonesia,288.48,1,5.16,1.24,ACTIVE
2026-01,INV2049,Surat berharga yang dimiliki - Pemerintah,277.17,1,5.26,1.21,ACTIVE
2026-01,INV2050,Penempatan dan Giro - Bank Indonesia,288.48,1,4.54,1.09,ACTIVE
2026-01,INV2051,Penempatan dan Giro - Bank Lain,274.34,1,4.84,1.11,ACTIVE
2026-01,INV2052,Surat berharga yang dimiliki - Pemerintah,282.83,1,5.41,1.28,ACTIVE
2026-01,INV2053,Surat berharga yang dimiliki - Pemerintah,271.52,1,5.84,1.32,ACTIVE
2026-01,INV2054,Surat berharga yang dimiliki - Pemerintah,277.17,1,5.4,1.25,ACTIVE
2026-01,INV2055,Surat berharga yang dimiliki - Pemerintah,282.83,1,5.23,1.23,ACTIVE
2026-01,INV2056,Penempatan dan Giro - Bank Indonesia,288.48,1,4.33,1.04,ACTIVE
2026-01,INV2057,Surat berharga yang dimiliki - Pemerintah,280.0,1,5.58,1.3,ACTIVE
2026-01,INV2058,Surat berharga yang dimiliki - Bank Lain,288.48,1,6.09,1.46,ACTIVE
2026-01,INV2059,Surat berharga yang dimiliki - Bank Indonesia,288.48,1,5.26,1.26,ACTIVE
2026-01,INV2060,Penempatan dan Giro - Bank Lain,288.48,1,4.8,1.15,ACTIVE
2026-01,INV2061,Surat berharga yang dimiliki - Bank Indonesia,285.66,1,4.71,1.12,ACTIVE
2026-01,INV2062,Surat berharga yang dimiliki - Bank Indonesia,263.03,1,4.67,1.02,ACTIVE
2026-01,INV2063,Surat berharga yang dimiliki - Bank Lain,277.17,1,6.28,1.45,ACTIVE
2026-01,INV2065,Surat berharga yang dimiliki - Pemerintah,268.69,1,5.61,1.26,ACTIVE
2026-02,INV2024,Surat berharga yang dimiliki - Pemerintah,302.21,1,5.6,1.41,ACTIVE
2026-02,INV2025,Surat berharga yang dimiliki - Pemerintah,302.18,1,5.18,1.3,ACTIVE
2026-02,INV2026,Penempatan dan Giro - Bank Lain,302.18,2,4.53,1.14,ACTIVE
2026-02,INV2027,Penempatan dan Giro - Bank Indonesia,302.18,1,4.34,1.09,ACTIVE
2026-02,INV2029,Penempatan dan Giro - Bank Indonesia,302.18,1,4.16,1.05,ACTIVE
2026-02,INV2031,Surat berharga yang dimiliki - Pemerintah,290.33,1,5.26,1.27,ACTIVE
2026-02,INV2034,Penempatan dan Giro - Bank Lain,287.37,1,4.81,1.15,ACTIVE
2026-02,INV2037,Surat berharga yang dimiliki - Pemerintah,281.44,1,5.81,1.36,ACTIVE
2026-02,INV2040,Surat berharga yang dimiliki - Korporasi,284.41,1,7.12,1.69,ACTIVE
2026-02,INV2041,Surat berharga yang dimiliki - Bank Indonesia,302.18,1,4.76,1.2,ACTIVE
2026-02,INV2043,Surat berharga yang dimiliki - Pemerintah,278.48,1,5.5,1.28,ACTIVE
2026-02,INV2045,Surat berharga yang dimiliki - Bank Lain,284.41,1,5.77,1.37,ACTIVE
2026-02,INV2047,Surat berharga yang dimiliki - Pemerintah,302.18,1,5.16,1.3,ACTIVE
2026-02,INV2048,Surat berharga yang dimiliki - Bank Indonesia,302.18,1,5.16,1.3,ACTIVE
2026-02,INV2049,Surat berharga yang dimiliki - Pemerintah,293.3,1,5.26,1.29,ACTIVE
2026-02,INV2050,Penempatan dan Giro - Bank Indonesia,302.18,1,4.54,1.14,ACTIVE
2026-02,INV2051,Penempatan dan Giro - Bank Lain,290.33,1,4.84,1.17,ACTIVE
2026-02,INV2052,Surat berharga yang dimiliki - Pemerintah,299.22,1,5.41,1.35,ACTIVE
2026-02,INV2053,Surat berharga yang dimiliki - Pemerintah,287.37,1,5.84,1.4,ACTIVE
2026-02,INV2054,Surat berharga yang dimiliki - Pemerintah,293.3,1,5.4,1.32,ACTIVE
2026-02,INV2055,Surat berharga yang dimiliki - Pemerintah,299.22,1,5.23,1.3,ACTIVE
2026-02,INV2056,Penempatan dan Giro - Bank Indonesia,302.18,1,4.33,1.09,ACTIVE
2026-02,INV2057,Surat berharga yang dimiliki - Pemerintah,296.26,1,5.58,1.38,ACTIVE
2026-02,INV2058,Surat berharga yang dimiliki - Bank Lain,302.18,1,6.09,1.53,ACTIVE
2026-02,INV2059,Surat berharga yang dimiliki - Bank Indonesia,302.18,1,5.26,1.32,ACTIVE
2026-02,INV2061,Surat berharga yang dimiliki - Bank Indonesia,302.18,1,4.71,1.19,ACTIVE
2026-02,INV2062,Surat berharga yang dimiliki - Bank Indonesia,278.48,1,4.67,1.08,ACTIVE
2026-02,INV2063,Surat berharga yang dimiliki - Bank Lain,293.3,1,6.28,1.53,ACTIVE
2026-02,INV2065,Surat berharga yang dimiliki - Pemerintah,284.41,1,5.61,1.33,ACTIVE
2026-03,INV2024,Surat berharga yang dimiliki - Pemerintah,304.32,1,5.6,1.42,ACTIVE
2026-03,INV2025,Surat berharga yang dimiliki - Pemerintah,304.38,1,5.18,1.31,ACTIVE
2026-03,INV2026,Penempatan dan Giro - Bank Lain,304.38,2,4.53,1.15,ACTIVE
2026-03,INV2027,Penempatan dan Giro - Bank Indonesia,304.38,1,4.34,1.1,ACTIVE
2026-03,INV2029,Penempatan dan Giro - Bank Indonesia,304.38,1,4.16,1.06,ACTIVE
2026-03,INV2031,Surat berharga yang dimiliki - Pemerintah,295.42,1,5.26,1.29,ACTIVE
2026-03,INV2034,Penempatan dan Giro - Bank Lain,292.44,1,4.81,1.17,ACTIVE
2026-03,INV2037,Surat berharga yang dimiliki - Pemerintah,286.47,1,5.81,1.39,ACTIVE
2026-03,INV2040,Surat berharga yang dimiliki - Korporasi,289.46,1,7.12,1.72,ACTIVE
2026-03,INV2041,Surat berharga yang dimiliki - Bank Indonesia,304.38,1,4.76,1.21,ACTIVE
2026-03,INV2043,Surat berharga yang dimiliki - Pemerintah,283.49,1,5.5,1.3,ACTIVE
2026-03,INV2045,Surat berharga yang dimiliki - Bank Lain,289.46,1,5.77,1.39,ACTIVE
2026-03,INV2047,Surat berharga yang dimiliki - Pemerintah,304.38,1,5.16,1.31,ACTIVE
2026-03,INV2048,Surat berharga yang dimiliki - Bank Indonesia,304.38,1,5.16,1.31,ACTIVE
2026-03,INV2049,Surat berharga yang dimiliki - Pemerintah,298.41,1,5.26,1.31,ACTIVE
2026-03,INV2050,Penempatan dan Giro - Bank Indonesia,304.38,1,4.54,1.15,ACTIVE
2026-03,INV2051,Penempatan dan Giro - Bank Lain,295.42,1,4.84,1.19,ACTIVE
2026-03,INV2052,Surat berharga yang dimiliki - Pemerintah,304.38,1,5.41,1.37,ACTIVE
2026-03,INV2053,Surat berharga yang dimiliki - Pemerintah,292.44,1,5.84,1.42,ACTIVE
2026-03,INV2054,Surat berharga yang dimiliki - Pemerintah,298.41,1,5.4,1.34,ACTIVE
2026-03,INV2055,Surat berharga yang dimiliki - Pemerintah,304.38,1,5.23,1.33,ACTIVE
2026-03,INV2056,Penempatan dan Giro - Bank Indonesia,304.38,1,4.33,1.1,ACTIVE
2026-03,INV2057,Surat berharga yang dimiliki - Pemerintah,301.39,1,5.58,1.4,ACTIVE
2026-03,INV2058,Surat berharga yang dimiliki - Bank Lain,304.38,1,6.09,1.54,ACTIVE
2026-03,INV2059,Surat berharga yang dimiliki - Bank Indonesia,304.38,1,5.26,1.33,ACTIVE
2026-03,INV2061,Surat berharga yang dimiliki - Bank Indonesia,304.38,1,4.71,1.19,ACTIVE
2026-03,INV2062,Surat berharga yang dimiliki - Bank Indonesia,283.49,1,4.67,1.1,ACTIVE
2026-03,INV2063,Surat berharga yang dimiliki - Bank Lain,298.41,1,6.28,1.56,ACTIVE
2026-03,INV2065,Surat berharga yang dimiliki - Pemerintah,289.46,1,5.61,1.35,ACTIVE
2026-04,INV2025,Surat berharga yang dimiliki - Pemerintah,327.14,1,5.18,1.41,ACTIVE
2026-04,INV2026,Penempatan dan Giro - Bank Lain,327.09,2,4.53,1.23,ACTIVE
2026-04,INV2027,Penempatan dan Giro - Bank Indonesia,327.09,1,4.34,1.18,ACTIVE
2026-04,INV2029,Penempatan dan Giro - Bank Indonesia,327.09,1,4.16,1.13,ACTIVE
2026-04,INV2031,Surat berharga yang dimiliki - Pemerintah,320.68,1,5.26,1.41,ACTIVE
2026-04,INV2034,Penempatan dan Giro - Bank Lain,317.47,1,4.81,1.27,ACTIVE
2026-04,INV2037,Surat berharga yang dimiliki - Pemerintah,311.06,1,5.81,1.51,ACTIVE
2026-04,INV2040,Surat berharga yang dimiliki - Korporasi,314.26,1,7.12,1.86,ACTIVE
2026-04,INV2041,Surat berharga yang dimiliki - Bank Indonesia,327.09,1,4.76,1.3,ACTIVE
2026-04,INV2043,Surat berharga yang dimiliki - Pemerintah,307.85,1,5.5,1.41,ACTIVE
2026-04,INV2045,Surat berharga yang dimiliki - Bank Lain,314.26,1,5.77,1.51,ACTIVE
2026-04,INV2047,Surat berharga yang dimiliki - Pemerintah,327.09,1,5.16,1.41,ACTIVE
2026-04,INV2048,Surat berharga yang dimiliki - Bank Indonesia,327.09,1,5.16,1.41,ACTIVE
2026-04,INV2049,Surat berharga yang dimiliki - Pemerintah,323.88,1,5.26,1.42,ACTIVE
2026-04,INV2050,Penempatan dan Giro - Bank Indonesia,327.09,1,4.54,1.24,ACTIVE
2026-04,INV2051,Penempatan dan Giro - Bank Lain,320.68,1,4.84,1.29,ACTIVE
2026-04,INV2052,Surat berharga yang dimiliki - Pemerintah,327.09,1,5.41,1.47,ACTIVE
2026-04,INV2053,Surat berharga yang dimiliki - Pemerintah,317.47,1,5.84,1.55,ACTIVE
2026-04,INV2054,Surat berharga yang dimiliki - Pemerintah,323.88,1,5.4,1.46,ACTIVE
2026-04,INV2055,Surat berharga yang dimiliki - Pemerintah,327.09,1,5.23,1.43,ACTIVE
2026-04,INV2056,Penempatan dan Giro - Bank Indonesia,327.09,1,4.33,1.18,ACTIVE
2026-04,INV2057,Surat berharga yang dimiliki - Pemerintah,327.09,1,5.58,1.52,ACTIVE
2026-04,INV2058,Surat berharga yang dimiliki - Bank Lain,327.09,1,6.09,1.66,ACTIVE
2026-04,INV2059,Surat berharga yang dimiliki - Bank Indonesia,327.09,1,5.26,1.43,ACTIVE
2026-04,INV2061,Surat berharga yang dimiliki - Bank Indonesia,327.09,1,4.71,1.28,ACTIVE
2026-04,INV2062,Surat berharga yang dimiliki - Bank Indonesia,307.85,1,4.67,1.2,ACTIVE
2026-04,INV2065,Surat berharga yang dimiliki - Pemerintah,314.26,1,5.61,1.47,ACTIVE
2026-05,INV2025,Surat berharga yang dimiliki - Pemerintah,365.02,1,5.18,1.58,ACTIVE
2026-05,INV2027,Penempatan dan Giro - Bank Indonesia,365.0,1,4.34,1.32,ACTIVE
2026-05,INV2029,Penempatan dan Giro - Bank Indonesia,365.0,1,4.16,1.27,ACTIVE
2026-05,INV2031,Surat berharga yang dimiliki - Pemerintah,361.42,1,5.26,1.58,ACTIVE
2026-05,INV2034,Penempatan dan Giro - Bank Lain,357.84,1,4.81,1.43,ACTIVE
2026-05,INV2037,Surat berharga yang dimiliki - Pemerintah,350.69,1,5.81,1.7,ACTIVE
2026-05,INV2040,Surat berharga yang dimiliki - Korporasi,354.26,1,7.12,2.1,ACTIVE
2026-05,INV2041,Surat berharga yang dimiliki - Bank Indonesia,365.0,1,4.76,1.45,ACTIVE
2026-05,INV2043,Surat berharga yang dimiliki - Pemerintah,347.11,1,5.5,1.59,ACTIVE
2026-05,INV2045,Surat berharga yang dimiliki - Bank Lain,354.26,1,5.77,1.7,ACTIVE
2026-05,INV2047,Surat berharga yang dimiliki - Pemerintah,365.0,1,5.16,1.57,ACTIVE
2026-05,INV2048,Surat berharga yang dimiliki - Bank Indonesia,365.0,1,5.16,1.57,ACTIVE
2026-05,INV2049,Surat berharga yang dimiliki - Pemerintah,365.0,1,5.26,1.6,ACTIVE
2026-05,INV2050,Penempatan dan Giro - Bank Indonesia,365.0,1,4.54,1.38,ACTIVE
2026-05,INV2052,Surat berharga yang dimiliki - Pemerintah,365.0,1,5.41,1.65,ACTIVE
2026-05,INV2053,Surat berharga yang dimiliki - Pemerintah,357.84,1,5.84,1.74,ACTIVE
2026-05,INV2054,Surat berharga yang dimiliki - Pemerintah,365.0,1,5.4,1.64,ACTIVE
2026-05,INV2055,Surat berharga yang dimiliki - Pemerintah,365.0,1,5.23,1.59,ACTIVE
2026-05,INV2056,Penempatan dan Giro - Bank Indonesia,365.0,1,4.33,1.32,ACTIVE
2026-05,INV2057,Surat berharga yang dimiliki - Pemerintah,365.0,1,5.58,1.7,ACTIVE
2026-05,INV2059,Surat berharga yang dimiliki - Bank Indonesia,365.0,1,5.26,1.6,ACTIVE
2026-05,INV2061,Surat berharga yang dimiliki - Bank Indonesia,365.0,1,4.71,1.43,ACTIVE
2026-05,INV2062,Surat berharga yang dimiliki - Bank Indonesia,347.11,1,4.67,1.35,ACTIVE
2026-05,INV2065,Surat berharga yang dimiliki - Pemerintah,354.26,1,5.61,1.66,ACTIVE
2026-06,INV2025,Surat berharga yang dimiliki - Pemerintah,358.96,1,5.18,1.55,ACTIVE
2026-06,INV2027,Penempatan dan Giro - Bank Indonesia,359.04,1,4.34,1.3,ACTIVE
2026-06,INV2029,Penempatan dan Giro - Bank Indonesia,359.04,1,4.16,1.24,ACTIVE
2026-06,INV2031,Surat berharga yang dimiliki - Pemerintah,359.04,1,5.26,1.57,ACTIVE
2026-06,INV2034,Penempatan dan Giro - Bank Lain,355.52,1,4.81,1.43,ACTIVE
2026-06,INV2037,Surat berharga yang dimiliki - Pemerintah,348.48,1,5.81,1.69,ACTIVE
2026-06,INV2040,Surat berharga yang dimiliki - Korporasi,352.0,1,7.12,2.09,ACTIVE
2026-06,INV2041,Surat berharga yang dimiliki - Bank Indonesia,359.04,1,4.76,1.42,ACTIVE
2026-06,INV2043,Surat berharga yang dimiliki - Pemerintah,344.96,1,5.5,1.58,ACTIVE
2026-06,INV2045,Surat berharga yang dimiliki - Bank Lain,352.0,1,5.77,1.69,ACTIVE
2026-06,INV2047,Surat berharga yang dimiliki - Pemerintah,359.04,1,5.16,1.54,ACTIVE
2026-06,INV2048,Surat berharga yang dimiliki - Bank Indonesia,359.04,1,5.16,1.54,ACTIVE
2026-06,INV2049,Surat berharga yang dimiliki - Pemerintah,359.04,1,5.26,1.57,ACTIVE
2026-06,INV2050,Penempatan dan Giro - Bank Indonesia,359.04,1,4.54,1.36,ACTIVE
2026-06,INV2052,Surat berharga yang dimiliki - Pemerintah,359.04,1,5.41,1.62,ACTIVE
2026-06,INV2053,Surat berharga yang dimiliki - Pemerintah,355.52,1,5.84,1.73,ACTIVE
2026-06,INV2054,Surat berharga yang dimiliki - Pemerintah,359.04,1,5.4,1.62,ACTIVE
2026-06,INV2055,Surat berharga yang dimiliki - Pemerintah,359.04,1,5.23,1.56,ACTIVE
2026-06,INV2056,Penempatan dan Giro - Bank Indonesia,359.04,1,4.33,1.3,ACTIVE
2026-06,INV2057,Surat berharga yang dimiliki - Pemerintah,359.04,1,5.58,1.67,ACTIVE
2026-06,INV2059,Surat berharga yang dimiliki - Bank Indonesia,359.04,1,5.26,1.57,ACTIVE
2026-06,INV2061,Surat berharga yang dimiliki - Bank Indonesia,359.04,1,4.71,1.41,ACTIVE
2026-06,INV2062,Surat berharga yang dimiliki - Bank Indonesia,344.96,1,4.67,1.34,ACTIVE
2026-06,INV2065,Surat berharga yang dimiliki - Pemerintah,352.0,1,5.61,1.65,ACTIVE
2026-07,INV2025,Surat berharga yang dimiliki - Pemerintah,383.68,1,5.18,1.66,ACTIVE
2026-07,INV2029,Penempatan dan Giro - Bank Indonesia,383.7,1,4.16,1.33,ACTIVE
2026-07,INV2031,Surat berharga yang dimiliki - Pemerintah,383.7,1,5.26,1.68,ACTIVE
2026-07,INV2034,Penempatan dan Giro - Bank Lain,383.7,1,4.81,1.54,ACTIVE
2026-07,INV2037,Surat berharga yang dimiliki - Pemerintah,376.18,1,5.81,1.82,ACTIVE
2026-07,INV2040,Surat berharga yang dimiliki - Korporasi,379.94,1,7.12,2.25,ACTIVE
2026-07,INV2041,Surat berharga yang dimiliki - Bank Indonesia,383.7,1,4.76,1.52,ACTIVE
2026-07,INV2043,Surat berharga yang dimiliki - Pemerintah,372.41,1,5.5,1.71,ACTIVE
2026-07,INV2045,Surat berharga yang dimiliki - Bank Lain,379.94,1,5.77,1.83,ACTIVE
2026-07,INV2047,Surat berharga yang dimiliki - Pemerintah,383.7,1,5.16,1.65,ACTIVE
2026-07,INV2048,Surat berharga yang dimiliki - Bank Indonesia,383.7,1,5.16,1.65,ACTIVE
2026-07,INV2050,Penempatan dan Giro - Bank Indonesia,383.7,1,4.54,1.45,ACTIVE
2026-07,INV2052,Surat berharga yang dimiliki - Pemerintah,383.7,1,5.41,1.73,ACTIVE
2026-07,INV2053,Surat berharga yang dimiliki - Pemerintah,383.7,1,5.84,1.87,ACTIVE
2026-07,INV2054,Surat berharga yang dimiliki - Pemerintah,383.7,1,5.4,1.73,ACTIVE
2026-07,INV2055,Surat berharga yang dimiliki - Pemerintah,383.7,1,5.23,1.67,ACTIVE
2026-07,INV2056,Penempatan dan Giro - Bank Indonesia,383.7,1,4.33,1.38,ACTIVE
2026-07,INV2057,Surat berharga yang dimiliki - Pemerintah,383.7,1,5.58,1.78,ACTIVE
2026-07,INV2059,Surat berharga yang dimiliki - Bank Indonesia,383.7,1,5.26,1.68,ACTIVE
2026-07,INV2061,Surat berharga yang dimiliki - Bank Indonesia,383.7,1,4.71,1.51,ACTIVE
2026-07,INV2062,Surat berharga yang dimiliki - Bank Indonesia,372.41,1,4.67,1.45,ACTIVE
2026-07,INV2065,Surat berharga yang dimiliki - Pemerintah,379.94,1,5.61,1.78,ACTIVE
2026-08,INV2025,Surat berharga yang dimiliki - Pemerintah,413.31,1,5.18,1.78,ACTIVE
2026-08,INV2029,Penempatan dan Giro - Bank Indonesia,413.31,1,4.16,1.43,ACTIVE
2026-08,INV2031,Surat berharga yang dimiliki - Pemerintah,413.31,1,5.26,1.81,ACTIVE
2026-08,INV2034,Penempatan dan Giro - Bank Lain,413.31,1,4.81,1.66,ACTIVE
2026-08,INV2040,Surat berharga yang dimiliki - Korporasi,413.31,1,7.12,2.45,ACTIVE
2026-08,INV2041,Surat berharga yang dimiliki - Bank Indonesia,413.31,1,4.76,1.64,ACTIVE
2026-08,INV2043,Surat berharga yang dimiliki - Pemerintah,405.21,1,5.5,1.86,ACTIVE
2026-08,INV2045,Surat berharga yang dimiliki - Bank Lain,413.31,1,5.77,1.99,ACTIVE
2026-08,INV2047,Surat berharga yang dimiliki - Pemerintah,413.31,1,5.16,1.78,ACTIVE
2026-08,INV2048,Surat berharga yang dimiliki - Bank Indonesia,413.31,1,5.16,1.78,ACTIVE
2026-08,INV2050,Penempatan dan Giro - Bank Indonesia,413.31,1,4.54,1.56,ACTIVE
2026-08,INV2052,Surat berharga yang dimiliki - Pemerintah,413.31,1,5.41,1.86,ACTIVE
2026-08,INV2053,Surat berharga yang dimiliki - Pemerintah,413.31,1,5.84,2.01,ACTIVE
2026-08,INV2054,Surat berharga yang dimiliki - Pemerintah,413.31,1,5.4,1.86,ACTIVE
2026-08,INV2055,Surat berharga yang dimiliki - Pemerintah,413.31,1,5.23,1.8,ACTIVE
2026-08,INV2056,Penempatan dan Giro - Bank Indonesia,413.31,1,4.33,1.49,ACTIVE
2026-08,INV2057,Surat berharga yang dimiliki - Pemerintah,413.31,1,5.58,1.92,ACTIVE
2026-08,INV2061,Surat berharga yang dimiliki - Bank Indonesia,413.31,1,4.71,1.62,ACTIVE
2026-08,INV2062,Surat berharga yang dimiliki - Bank Indonesia,405.21,1,4.67,1.58,ACTIVE
2026-08,INV2065,Surat berharga yang dimiliki - Pemerintah,413.31,1,5.61,1.93,ACTIVE
2026-09,INV2029,Penempatan dan Giro - Bank Indonesia,479.35,1,4.16,1.66,ACTIVE
2026-09,INV2031,Surat berharga yang dimiliki - Pemerintah,479.39,1,5.26,2.1,ACTIVE
2026-09,INV2034,Penempatan dan Giro - Bank Lain,479.39,1,4.81,1.92,ACTIVE
2026-09,INV2040,Surat berharga yang dimiliki - Korporasi,479.39,1,7.12,2.84,ACTIVE
2026-09,INV2041,Surat berharga yang dimiliki - Bank Indonesia,479.39,1,4.76,1.9,ACTIVE
2026-09,INV2043,Surat berharga yang dimiliki - Pemerintah,474.69,1,5.5,2.18,ACTIVE
2026-09,INV2045,Surat berharga yang dimiliki - Bank Lain,479.39,1,5.77,2.31,ACTIVE
2026-09,INV2050,Penempatan dan Giro - Bank Indonesia,479.39,1,4.54,1.81,ACTIVE
2026-09,INV2052,Surat berharga yang dimiliki - Pemerintah,479.39,1,5.41,2.16,ACTIVE
2026-09,INV2053,Surat berharga yang dimiliki - Pemerintah,479.39,1,5.84,2.33,ACTIVE
2026-09,INV2054,Surat berharga yang dimiliki - Pemerintah,479.39,1,5.4,2.16,ACTIVE
2026-09,INV2055,Surat berharga yang dimiliki - Pemerintah,479.39,1,5.23,2.09,ACTIVE
2026-09,INV2056,Penempatan dan Giro - Bank Indonesia,479.39,1,4.33,1.73,ACTIVE
2026-09,INV2057,Surat berharga yang dimiliki - Pemerintah,479.39,1,5.58,2.23,ACTIVE
2026-09,INV2061,Surat berharga yang dimiliki - Bank Indonesia,479.39,1,4.71,1.88,ACTIVE
2026-09,INV2062,Surat berharga yang dimiliki - Bank Indonesia,474.69,1,4.67,1.85,ACTIVE
2026-09,INV2065,Surat berharga yang dimiliki - Pemerintah,479.39,1,5.61,2.24,ACTIVE
