period,total_assets,total_credit,total_investment,total_dpk,total_other_funding,net_profit,npl_ratio,ckpn_coverage,low_cost_funding,revenue,operating_expense,ckpn
2024-01,65000.0,43000.0,0.0,53000.0,0.0,60.0,1.52,105.0,36.67,672.67,290.0,196.15
2024-02,65519.4,43000.0,9150.0,54000.0,3470.0,60.0,1.65,109.0,50.44,694.16,293.6,206.9
2024-03,66074.63,43000.0,9259.81,55000.0,3440.0,60.0,1.77,111.93,61.8,686.25,295.43,217.65
2024-04,66611.94,43000.0,9300.0,56000.0,3410.0,60.0,1.87,113.0,74.46,680.57,295.0,225.52
2024-05,67167.16,43000.0,9259.81,57000.0,3380.0,60.0,1.9,111.93,78.64,671.07,292.43,228.4
2024-06,67704.48,43000.0,9150.0,58000.0,3350.0,60.0,1.87,109.0,72.96,671.27,288.4,225.52
2024-07,68259.7,43000.0,9000.0,59000.0,3320.0,60.0,1.77,105.0,75.51,658.34,284.0,217.65
2024-08,68814.93,43000.0,8850.0,60000.0,3290.0,60.0,1.65,101.0,71.1,652.51,280.4,206.9
2024-09,69352.24,43000.0,8740.19,61000.0,3260.0,60.0,1.52,98.07,71.28,633.86,278.57,196.15
2024-10,69907.46,43000.0,8700.0,62000.0,3230.0,60.0,1.43,97.0,68.05,627.21,279.0,188.28
2024-11,70444.78,43000.0,8740.19,63000.0,3200.0,60.0,1.4,98.07,67.34,629.54,281.57,185.4
2024-12,71000.0,43000.0,8850.0,64000.0,3170.0,60.0,1.43,101.0,63.0,638.41,285.6,188.28
2025-01,71200.0,50000.0,8700.0,64500.0,2900.0,75.0,1.67,105.0,61.8,701.26,290.0,232.5
2025-02,71686.23,50000.0,8850.0,64545.0,2915.0,75.0,1.8,109.0,63.68,714.48,293.6,245.0
2025-03,72224.55,50000.0,8959.81,64590.0,2930.0,75.0,1.92,111.93,65.29,725.87,295.43,257.5
2025-04,72745.51,50000.0,9000.0,64635.0,2945.0,75.0,2.02,113.0,64.96,737.24,295.0,266.65
2025-05,73283.83,50000.0,8959.81,64680.0,2960.0,75.0,2.05,111.93,62.55,740.24,292.43,270.0
2025-06,73804.79,50000.0,8850.0,64725.0,2975.0,75.0,2.02,109.0,64.78,727.55,288.4,266.65
2025-07,74343.11,50000.0,8700.0,64770.0,2990.0,75.0,1.92,105.0,65.36,712.72,284.0,257.5
2025-08,74881.44,50000.0,8550.0,64815.0,3005.0,75.0,1.8,101.0,67.5,691.8,280.4,245.0
2025-09,75402.4,50000.0,8440.19,64860.0,3020.0,75.0,1.67,98.07,66.76,680.8,278.57,232.5
2025-10,75940.72,50000.0,8400.0,64905.0,3035.0,75.0,1.58,97.0,65.57,673.18,279.0,223.35
2025-11,76461.68,50000.0,8440.19,64950.0,3050.0,75.0,1.55,98.07,65.0,674.11,281.57,220.0
2025-12,77000.0,50000.0,8550.0,64995.0,3065.0,75.0,1.58,101.0,64.46,686.13,285.6,223.35
2026-01,77400.0,57000.0,8400.0,65200.0,3000.0,83.33,1.62,105.0,63.49,727.98,290.0,250.25
2026-02,77700.83,57375.0,8550.0,65175.0,3015.0,83.33,1.75,109.0,64.22,745.33,293.6,265.81
2026-03,78033.88,57750.0,8659.81,65150.0,3030.0,83.33,1.88,111.93,66.2,761.57,295.43,281.56
2026-04,78356.2,58125.0,8700.0,65125.0,3045.0,83.33,1.97,113.0,66.96,771.87,295.0,293.61
2026-05,78689.26,58500.0,8659.81,65100.0,3060.0,83.33,2.0,111.93,66.58,775.05,292.43,299.0
2026-06,79011.57,58875.0,8550.0,65075.0,3075.0,83.33,1.97,109.0,65.73,771.04,288.4,296.56
2026-07,79344.63,59250.0,8400.0,65050.0,3090.0,83.33,1.88,105.0,66.35,755.83,284.0,287.19
2026-08,79677.69,59625.0,8250.0,65025.0,3105.0,83.33,1.75,101.0,65.74,738.95,280.4,273.69
2026-09,80000.0,60000.0,8140.19,65000.0,3120.0,83.33,1.62,98.07,65.38,724.01,278.57,260.0
