period,target_type,metric,target
2024-01,Growth,Total Asset,64510.77
2024-01,Growth,Total Credit,43430.0
2024-01,Growth,Total Investment,9090.0
2024-01,Growth,Total DPK,53265.0
2024-01,Funding,Total Other Funding,0.0
2024-01,Profitability,Total Revenue,606.9
2024-01,Profitability,Net Profit,63.49
2024-01,Efficiency,Low Cost Funding %,63.71
2024-01,Efficiency,Operating Expense,281.3
2024-01,Quality,NPL Ratio %,2.0
2024-01,Quality,CKPN Coverage %,110.0
2024-02,Growth,Total Asset,65274.55
2024-02,Growth,Total Credit,43430.0
2024-02,Growth,Total Investment,9241.5
2024-02,Growth,Total DPK,54270.0
2024-02,Funding,Total Other Funding,3487.35
2024-02,Profitability,Total Revenue,659.76
2024-02,Profitability,Net Profit,63.49
2024-02,Efficiency,Low Cost Funding %,61.07
2024-02,Efficiency,Operating Expense,284.79
2024-02,Quality,NPL Ratio %,2.0
2024-02,Quality,CKPN Coverage %,110.0
2024-03,Growth,Total Asset,65953.07
2024-03,Growth,Total Credit,43430.0
2024-03,Growth,Total Investment,9352.41
2024-03,Growth,Total DPK,55275.0
2024-03,Funding,Total Other Funding,3457.2
2024-03,Profitability,Total Revenue,681.59
2024-03,Profitability,Net Profit,63.49
2024-03,Efficiency,Low Cost Funding %,57.25
2024-03,Efficiency,Operating Expense,286.57
2024-03,Quality,NPL Ratio %,2.0
2024-03,Quality,CKPN Coverage %,110.0
2024-04,Growth,Total Asset,66609.71
2024-04,Growth,Total Credit,43430.0
2024-04,Growth,Total Investment,9393.0
2024-04,Growth,Total DPK,56280.0
2024-04,Funding,Total Other Funding,3427.05
2024-04,Profitability,Total Revenue,687.43
2024-04,Profitability,Net Profit,63.49
2024-04,Efficiency,Low Cost Funding %,65.3
2024-04,Efficiency,Operating Expense,286.15
2024-04,Quality,NPL Ratio %,2.0
2024-04,Quality,CKPN Coverage %,110.0
2024-05,Growth,Total Asset,67288.23
2024-05,Growth,Total Credit,43430.0
2024-05,Growth,Total Investment,9352.41
2024-05,Growth,Total DPK,57285.0
2024-05,Funding,Total Other Funding,3396.9
2024-05,Profitability,Total Revenue,693.69
2024-05,Profitability,Net Profit,63.49
2024-05,Efficiency,Low Cost Funding %,65.51
2024-05,Efficiency,Operating Expense,283.66
2024-05,Quality,NPL Ratio %,2.0
2024-05,Quality,CKPN Coverage %,110.0
2024-06,Growth,Total Asset,67944.87
2024-06,Growth,Total Credit,43430.0
2024-06,Growth,Total Investment,9241.5
2024-06,Growth,Total DPK,58290.0
2024-06,Funding,Total Other Funding,3366.75
2024-06,Profitability,Total Revenue,690.48
2024-06,Profitability,Net Profit,63.49
2024-06,Efficiency,Low Cost Funding %,61.39
2024-06,Efficiency,Operating Expense,279.75
2024-06,Quality,NPL Ratio %,2.0
2024-06,Quality,CKPN Coverage %,110.0
2024-07,Growth,Total Asset,68623.39
2024-07,Growth,Total Credit,43430.0
2024-07,Growth,Total Investment,9090.0
2024-07,Growth,Total DPK,59295.0
2024-07,Funding,Total Other Funding,3336.6
2024-07,Profitability,Total Revenue,679.78
2024-07,Profitability,Net Profit,63.49
2024-07,Efficiency,Low Cost Funding %,65.97
2024-07,Efficiency,Operating Expense,275.48
2024-07,Quality,NPL Ratio %,2.0
2024-07,Quality,CKPN Coverage %,110.0
2024-08,Growth,Total Asset,69301.92
2024-08,Growth,Total Credit,43430.0
2024-08,Growth,Total Investment,8938.5
2024-08,Growth,Total DPK,60300.0
2024-08,Funding,Total Other Funding,3306.45
2024-08,Profitability,Total Revenue,658.41
2024-08,Profitability,Net Profit,63.49
2024-08,Efficiency,Low Cost Funding %,72.84
2024-08,Efficiency,Operating Expense,271.99
2024-08,Quality,NPL Ratio %,2.0
2024-08,Quality,CKPN Coverage %,110.0
2024-09,Growth,Total Asset,69958.56
2024-09,Growth,Total Credit,43430.0
2024-09,Growth,Total Investment,8827.59
2024-09,Growth,Total DPK,61305.0
2024-09,Funding,Total Other Funding,3276.3
2024-09,Profitability,Total Revenue,644.94
2024-09,Profitability,Net Profit,63.49
2024-09,Efficiency,Low Cost Funding %,73.66
2024-09,Efficiency,Operating Expense,270.21
2024-09,Quality,NPL Ratio %,2.0
2024-09,Quality,CKPN Coverage %,110.0
2024-10,Growth,Total Asset,70637.08
2024-10,Growth,Total Credit,43430.0
2024-10,Growth,Total Investment,8787.0
2024-10,Growth,Total DPK,62310.0
2024-10,Funding,Total Other Funding,3246.15
2024-10,Profitability,Total Revenue,636.97
2024-10,Profitability,Net Profit,63.49
2024-10,Efficiency,Low Cost Funding %,75.85
2024-10,Efficiency,Operating Expense,270.63
2024-10,Quality,NPL Ratio %,2.0
2024-10,Quality,CKPN Coverage %,110.0
2024-11,Growth,Total Asset,71293.72
2024-11,Growth,Total Credit,43430.0
2024-11,Growth,Total Investment,8827.59
2024-11,Growth,Total DPK,63315.0
2024-11,Funding,Total Other Funding,3216.0
2024-11,Profitability,Total Revenue,637.36
2024-11,Profitability,Net Profit,63.49
2024-11,Efficiency,Low Cost Funding %,76.55
2024-11,Efficiency,Operating Expense,273.12
2024-11,Quality,NPL Ratio %,2.0
2024-11,Quality,CKPN Coverage %,110.0
2024-12,Growth,Total Asset,71972.24
2024-12,Growth,Total Credit,43430.0
2024-12,Growth,Total Investment,8938.5
2024-12,Growth,Total DPK,64320.0
2024-12,Funding,Total Other Funding,3185.85
2024-12,Profitability,Total Revenue,648.88
2024-12,Profitability,Net Profit,63.49
2024-12,Efficiency,Low Cost Funding %,75.94
2024-12,Efficiency,Operating Expense,277.03
2024-12,Quality,NPL Ratio %,2.0
2024-12,Quality,CKPN Coverage %,110.0
2025-01,Growth,Total Asset,72025.74
2025-01,Growth,Total Credit,50500.0
2025-01,Growth,Total Investment,8787.0
2025-01,Growth,Total DPK,64822.5
2025-01,Funding,Total Other Funding,2914.5
2025-01,Profitability,Total Revenue,707.35
2025-01,Profitability,Net Profit,76.33
2025-01,Efficiency,Low Cost Funding %,77.88
2025-01,Efficiency,Operating Expense,281.3
2025-01,Quality,NPL Ratio %,2.0
2025-01,Quality,CKPN Coverage %,110.0
2025-02,Growth,Total Asset,72464.86
2025-02,Growth,Total Credit,50500.0
2025-02,Growth,Total Investment,8938.5
2025-02,Growth,Total DPK,64867.72
2025-02,Funding,Total Other Funding,2929.58
2025-02,Profitability,Total Revenue,723.91
2025-02,Profitability,Net Profit,76.33
2025-02,Efficiency,Low Cost Funding %,77.07
2025-02,Efficiency,Operating Expense,284.79
2025-02,Quality,NPL Ratio %,2.0
2025-02,Quality,CKPN Coverage %,110.0
2025-03,Growth,Total Asset,72791.53
2025-03,Growth,Total Credit,50500.0
2025-03,Growth,Total Investment,9049.41
2025-03,Growth,Total DPK,64912.95
2025-03,Funding,Total Other Funding,2944.65
2025-03,Profitability,Total Revenue,740.15
2025-03,Profitability,Net Profit,76.33
2025-03,Efficiency,Low Cost Funding %,76.21
2025-03,Efficiency,Operating Expense,286.57
2025-03,Quality,NPL Ratio %,2.0
2025-03,Quality,CKPN Coverage %,110.0
2025-04,Growth,Total Asset,73107.67
2025-04,Growth,Total Credit,50500.0
2025-04,Growth,Total Investment,9090.0
2025-04,Growth,Total DPK,64958.18
2025-04,Funding,Total Other Funding,2959.72
2025-04,Profitability,Total Revenue,747.93
2025-04,Profitability,Net Profit,76.33
2025-04,Efficiency,Low Cost Funding %,77.78
2025-04,Efficiency,Operating Expense,286.15
2025-04,Quality,NPL Ratio %,2.0
2025-04,Quality,CKPN Coverage %,110.0
2025-05,Growth,Total Asset,73434.35
2025-05,Growth,Total Credit,50500.0
2025-05,Growth,Total Investment,9049.41
2025-05,Growth,Total DPK,65003.4
2025-05,Funding,Total Other Funding,2974.8
2025-05,Profitability,Total Revenue,746.84
2025-05,Profitability,Net Profit,76.33
2025-05,Efficiency,Low Cost Funding %,78.75
2025-05,Efficiency,Operating Expense,283.66
2025-05,Quality,NPL Ratio %,2.0
2025-05,Quality,CKPN Coverage %,110.0
2025-06,Growth,Total Asset,73750.49
2025-06,Growth,Total Credit,50500.0
2025-06,Growth,Total Investment,8938.5
2025-06,Growth,Total DPK,65048.62
2025-06,Funding,Total Other Funding,2989.87
2025-06,Profitability,Total Revenue,739.66
2025-06,Profitability,Net Profit,76.33
2025-06,Efficiency,Low Cost Funding %,78.87
2025-06,Efficiency,Operating Expense,279.75
2025-06,Quality,NPL Ratio %,2.0
2025-06,Quality,CKPN Coverage %,110.0
2025-07,Growth,Total Asset,74077.16
2025-07,Growth,Total Credit,50500.0
2025-07,Growth,Total Investment,8787.0
2025-07,Growth,Total DPK,65093.85
2025-07,Funding,Total Other Funding,3004.95
2025-07,Profitability,Total Revenue,726.18
2025-07,Profitability,Net Profit,76.33
2025-07,Efficiency,Low Cost Funding %,78.74
2025-07,Efficiency,Operating Expense,275.48
2025-07,Quality,NPL Ratio %,2.0
2025-07,Quality,CKPN Coverage %,110.0
2025-08,Growth,Total Asset,74403.84
2025-08,Growth,Total Credit,50500.0
2025-08,Growth,Total Investment,8635.5
2025-08,Growth,Total DPK,65139.07
2025-08,Funding,Total Other Funding,3020.02
2025-08,Profitability,Total Revenue,711.61
2025-08,Profitability,Net Profit,76.33
2025-08,Efficiency,Low Cost Funding %,78.02
2025-08,Efficiency,Operating Expense,271.99
2025-08,Quality,NPL Ratio %,2.0
2025-08,Quality,CKPN Coverage %,110.0
2025-09,Growth,Total Asset,74719.98
2025-09,Growth,Total Credit,50500.0
2025-09,Growth,Total Investment,8524.59
2025-09,Growth,Total DPK,65184.3
2025-09,Funding,Total Other Funding,3035.1
2025-09,Profitability,Total Revenue,701.95
2025-09,Profitability,Net Profit,76.33
2025-09,Efficiency,Low Cost Funding %,76.05
2025-09,Efficiency,Operating Expense,270.21
2025-09,Quality,NPL Ratio %,2.0
2025-09,Quality,CKPN Coverage %,110.0
2025-10,Growth,Total Asset,75046.66
2025-10,Growth,Total Credit,50500.0
2025-10,Growth,Total Investment,8484.0
2025-10,Growth,Total DPK,65229.52
2025-10,Funding,Total Other Funding,3050.18
2025-10,Profitability,Total Revenue,695.06
2025-10,Profitability,Net Profit,76.33
2025-10,Efficiency,Low Cost Funding %,74.81
2025-10,Efficiency,Operating Expense,270.63
2025-10,Quality,NPL Ratio %,2.0
2025-10,Quality,CKPN Coverage %,110.0
2025-11,Growth,Total Asset,75362.8
2025-11,Growth,Total Credit,50500.0
2025-11,Growth,Total Investment,8524.59
2025-11,Growth,Total DPK,65274.75
2025-11,Funding,Total Other Funding,3065.25
2025-11,Profitability,Total Revenue,691.17
2025-11,Profitability,Net Profit,76.33
2025-11,Efficiency,Low Cost Funding %,75.32
2025-11,Efficiency,Operating Expense,273.12
2025-11,Quality,NPL Ratio %,2.0
2025-11,Quality,CKPN Coverage %,110.0
2025-12,Growth,Total Asset,75689.47
2025-12,Growth,Total Credit,50500.0
2025-12,Growth,Total Investment,8635.5
2025-12,Growth,Total DPK,65319.97
2025-12,Funding,Total Other Funding,3080.32
2025-12,Profitability,Total Revenue,701.72
2025-12,Profitability,Net Profit,76.33
2025-12,Efficiency,Low Cost Funding %,73.07
2025-12,Efficiency,Operating Expense,277.03
2025-12,Quality,NPL Ratio %,2.0
2025-12,Quality,CKPN Coverage %,110.0
2026-01,Growth,Total Asset,76348.84
2026-01,Growth,Total Credit,58395.49
2026-01,Growth,Total Investment,8484.0
2026-01,Growth,Total DPK,65493.88
2026-01,Funding,Total Other Funding,3015.0
2026-01,Profitability,Total Revenue,742.24
2026-01,Profitability,Net Profit,86.54
2026-01,Efficiency,Low Cost Funding %,76.25
2026-01,Efficiency,Operating Expense,281.3
2026-01,Quality,NPL Ratio %,2.0
2026-01,Quality,CKPN Coverage %,110.0
2026-02,Growth,Total Asset,76799.81
2026-02,Growth,Total Credit,58597.94
2026-02,Growth,Total Investment,8635.5
2026-02,Growth,Total DPK,65434.56
2026-02,Funding,Total Other Funding,3030.07
2026-02,Profitability,Total Revenue,763.27
2026-02,Profitability,Net Profit,86.54
2026-02,Efficiency,Low Cost Funding %,73.42
2026-02,Efficiency,Operating Expense,284.79
2026-02,Quality,NPL Ratio %,2.0
2026-02,Quality,CKPN Coverage %,110.0
2026-03,Growth,Total Asset,77130.05
2026-03,Growth,Total Credit,58800.38
2026-03,Growth,Total Investment,8746.41
2026-03,Growth,Total DPK,65375.23
2026-03,Funding,Total Other Funding,3045.15
2026-03,Profitability,Total Revenue,780.94
2026-03,Profitability,Net Profit,86.54
2026-03,Efficiency,Low Cost Funding %,73.87
2026-03,Efficiency,Operating Expense,286.57
2026-03,Quality,NPL Ratio %,2.0
2026-03,Quality,CKPN Coverage %,110.0
2026-04,Growth,Total Asset,77449.64
2026-04,Growth,Total Credit,59002.83
2026-04,Growth,Total Investment,8787.0
2026-04,Growth,Total DPK,65315.9
2026-04,Funding,Total Other Funding,3060.22
2026-04,Profitability,Total Revenue,788.42
2026-04,Profitability,Net Profit,86.54
2026-04,Efficiency,Low Cost Funding %,75.6
2026-04,Efficiency,Operating Expense,286.15
2026-04,Quality,NPL Ratio %,2.0
2026-04,Quality,CKPN Coverage %,110.0
2026-05,Growth,Total Asset,77779.87
2026-05,Growth,Total Credit,59205.27
2026-05,Growth,Total Investment,8746.41
2026-05,Growth,Total DPK,65256.58
2026-05,Funding,Total Other Funding,3075.3
2026-05,Profitability,Total Revenue,790.58
2026-05,Profitability,Net Profit,86.54
2026-05,Efficiency,Low Cost Funding %,74.93
2026-05,Efficiency,Operating Expense,283.66
2026-05,Quality,NPL Ratio %,2.0
2026-05,Quality,CKPN Coverage %,110.0
2026-06,Growth,Total Asset,78099.46
2026-06,Growth,Total Credit,59407.71
2026-06,Growth,Total Investment,8635.5
2026-06,Growth,Total DPK,65197.25
2026-06,Funding,Total Other Funding,3090.37
2026-06,Profitability,Total Revenue,784.05
2026-06,Profitability,Net Profit,86.54
2026-06,Efficiency,Low Cost Funding %,74.9
2026-06,Efficiency,Operating Expense,279.75
2026-06,Quality,NPL Ratio %,2.0
2026-06,Quality,CKPN Coverage %,110.0
2026-07,Growth,Total Asset,78429.7
2026-07,Growth,Total Credit,59610.15
2026-07,Growth,Total Investment,8484.0
2026-07,Growth,Total DPK,65137.93
2026-07,Funding,Total Other Funding,3105.45
2026-07,Profitability,Total Revenue,770.44
2026-07,Profitability,Net Profit,86.54
2026-07,Efficiency,Low Cost Funding %,74.86
2026-07,Efficiency,Operating Expense,275.48
2026-07,Quality,NPL Ratio %,2.0
2026-07,Quality,CKPN Coverage %,110.0
2026-08,Growth,Total Asset,78759.94
2026-08,Growth,Total Credit,59812.59
2026-08,Growth,Total Investment,8332.5
2026-08,Growth,Total DPK,65078.6
2026-08,Funding,Total Other Funding,3120.52
2026-08,Profitability,Total Revenue,750.37
2026-08,Profitability,Net Profit,86.54
2026-08,Efficiency,Low Cost Funding %,74.38
2026-08,Efficiency,Operating Expense,271.99
2026-08,Quality,NPL Ratio %,2.0
2026-08,Quality,CKPN Coverage %,110.0
2026-09,Growth,Total Asset,79079.52
2026-09,Growth,Total Credit,60015.04
2026-09,Growth,Total Investment,8221.59
2026-09,Growth,Total DPK,65019.29
2026-09,Funding,Total Other Funding,3135.6
2026-09,Profitability,Total Revenue,732.88
2026-09,Profitability,Net Profit,86.54
2026-09,Efficiency,Low Cost Funding %,75.44
2026-09,Efficiency,Operating Expense,270.21
2026-09,Quality,NPL Ratio %,2.0
2026-09,Quality,CKPN Coverage %,110.0
