period,account_no,product_type,balance,rate_pa,total_cost_bagi_hasil,status
2024-02,OF02034,Pinjaman yang diterima,2651.52,6.59,14.56,ACTIVE
2024-02,OF02041,Pinjaman yang diterima,818.48,6.67,4.55,ACTIVE
2024-03,OF02033,Surat Berharga Diterbitkan,856.73,6.08,4.34,ACTIVE
2024-03,OF02034,Pinjaman yang diterima,1044.76,6.59,5.74,ACTIVE
2024-03,OF02038,Pinjaman yang diterima,908.02,6.62,5.01,ACTIVE
2024-03,OF02041,Pinjaman yang diterima,322.5,6.67,1.79,ACTIVE
2024-03,OF02046,Pinjaman yang diterima,307.99,6.69,1.72,ACTIVE
2024-04,OF02033,Surat Berharga Diterbitkan,687.57,6.08,3.48,ACTIVE
2024-04,OF02034,Pinjaman yang diterima,838.37,6.59,4.6,ACTIVE
2024-04,OF02038,Pinjaman yang diterima,728.73,6.62,4.02,ACTIVE
2024-04,OF02040,Pinjaman yang diterima,649.36,6.48,3.51,ACTIVE
2024-04,OF02041,Pinjaman yang diterima,258.79,6.67,1.44,ACTIVE
2024-04,OF02046,Pinjaman yang diterima,247.18,6.69,1.38,ACTIVE
2024-05,OF02030,Pinjaman yang diterima,324.54,6.44,1.74,ACTIVE
2024-05,OF02033,Surat Berharga Diterbitkan,496.62,6.08,2.52,ACTIVE
2024-05,OF02034,Pinjaman yang diterima,605.47,6.59,3.33,ACTIVE
2024-05,OF02037,Surat Berharga Diterbitkan,592.51,5.99,2.96,ACTIVE
2024-05,OF02038,Pinjaman yang diterima,526.35,6.62,2.9,ACTIVE
2024-05,OF02040,Pinjaman yang diterima,469.08,6.48,2.53,ACTIVE
2024-05,OF02041,Pinjaman yang diterima,186.9,6.67,1.04,ACTIVE
2024-05,OF02046,Pinjaman yang diterima,178.53,6.69,1.0,ACTIVE
2024-06,OF02024,Pinjaman yang diterima,410.76,6.4,2.19,ACTIVE
2024-06,OF02027,Pinjaman yang diterima,344.22,6.26,1.8,ACTIVE
2024-06,OF02030,Pinjaman yang diterima,232.8,6.44,1.25,ACTIVE
2024-06,OF02033,Surat Berharga Diterbitkan,356.15,6.08,1.8,ACTIVE
2024-06,OF02034,Pinjaman yang diterima,434.15,6.59,2.38,ACTIVE
2024-06,OF02037,Surat Berharga Diterbitkan,425.02,5.99,2.12,ACTIVE
2024-06,OF02038,Pinjaman yang diterima,377.47,6.62,2.08,ACTIVE
2024-06,OF02040,Pinjaman yang diterima,336.44,6.48,1.82,ACTIVE
2024-06,OF02041,Pinjaman yang diterima,134.02,6.67,0.74,ACTIVE
2024-06,OF02042,Pinjaman yang diterima,170.94,6.34,0.9,ACTIVE
2024-06,OF02046,Pinjaman yang diterima,128.03,6.69,0.71,ACTIVE
2024-07,OF02024,Pinjaman yang diterima,368.62,6.4,1.97,ACTIVE
2024-07,OF02027,Pinjaman yang diterima,308.9,6.26,1.61,ACTIVE
2024-07,OF02028,Surat Berharga Diterbitkan,314.34,6.17,1.62,ACTIVE
2024-07,OF02030,Pinjaman yang diterima,208.89,6.44,1.12,ACTIVE
2024-07,OF02033,Surat Berharga Diterbitkan,319.5,6.08,1.62,ACTIVE
2024-07,OF02034,Pinjaman yang diterima,389.43,6.59,2.14,ACTIVE
2024-07,OF02037,Surat Berharga Diterbitkan,381.37,5.99,1.9,ACTIVE
2024-07,OF02038,Pinjaman yang diterima,338.63,6.62,1.87,ACTIVE
2024-07,OF02040,Pinjaman yang diterima,301.85,6.48,1.63,ACTIVE
2024-07,OF02041,Pinjaman yang diterima,120.21,6.67,0.67,ACTIVE
2024-07,OF02042,Pinjaman yang diterima,153.4,6.34,0.81,ACTIVE
2024-07,OF02046,Pinjaman yang diterima,114.86,6.69,0.64,ACTIVE
2024-08,OF02024,Pinjaman yang diterima,345.78,6.4,1.84,ACTIVE
2024-08,OF02027,Pinjaman yang diterima,289.77,6.26,1.51,ACTIVE
2024-08,OF02028,Surat Berharga Diterbitkan,294.9,6.17,1.52,ACTIVE
2024-08,OF02030,Pinjaman yang diterima,195.92,6.44,1.05,ACTIVE
2024-08,OF02033,Surat Berharga Diterbitkan,299.6,6.08,1.52,ACTIVE
2024-08,OF02034,Pinjaman yang diterima,365.15,6.59,2.01,ACTIVE
2024-08,OF02036,Pinjaman yang diterima,176.25,6.48,0.95,ACTIVE
2024-08,OF02037,Surat Berharga Diterbitkan,357.7,5.99,1.79,ACTIVE
2024-08,OF02038,Pinjaman yang diterima,317.54,6.62,1.75,ACTIVE
2024-08,OF02040,Pinjaman yang diterima,283.08,6.48,1.53,ACTIVE
2024-08,OF02041,Pinjaman yang diterima,112.71,6.67,0.63,ACTIVE
2024-08,OF02042,Pinjaman yang diterima,143.9,6.34,0.76,ACTIVE
2024-08,OF02046,Pinjaman yang diterima,107.7,6.69,0.6,ACTIVE
2024-09,OF02024,Pinjaman yang diterima,342.68,6.4,1.83,ACTIVE
2024-09,OF02027,Pinjaman yang diterima,287.17,6.26,1.5,ACTIVE
2024-09,OF02028,Surat Berharga Diterbitkan,292.29,6.17,1.5,ACTIVE
2024-09,OF02030,Pinjaman yang diterima,194.14,6.44,1.04,ACTIVE
2024-09,OF02033,Surat Berharga Diterbitkan,296.81,6.08,1.5,ACTIVE
2024-09,OF02034,Pinjaman yang diterima,361.73,6.59,1.99,ACTIVE
2024-09,OF02036,Pinjaman yang diterima,174.71,6.48,0.94,ACTIVE
2024-09,OF02037,Surat Berharga Diterbitkan,354.45,5.99,1.77,ACTIVE
2024-09,OF02038,Pinjaman yang diterima,314.58,6.62,1.74,ACTIVE
2024-09,OF02040,Pinjaman yang diterima,280.48,6.48,1.51,ACTIVE
2024-09,OF02041,Pinjaman yang diterima,111.65,6.67,0.62,ACTIVE
2024-09,OF02042,Pinjaman yang diterima,142.61,6.34,0.75,ACTIVE
2024-09,OF02046,Pinjaman yang diterima,106.7,6.69,0.59,ACTIVE
2024-10,OF02024,Pinjaman yang diterima,339.58,6.4,1.81,ACTIVE
2024-10,OF02027,Pinjaman yang diterima,284.57,6.26,1.48,ACTIVE
2024-10,OF02028,Surat Berharga Diterbitkan,289.68,6.17,1.49,ACTIVE
2024-10,OF02030,Pinjaman yang diterima,192.37,6.44,1.03,ACTIVE
2024-10,OF02033,Surat Berharga Diterbitkan,294.03,6.08,1.49,ACTIVE
2024-10,OF02034,Pinjaman yang diterima,358.28,6.59,1.97,ACTIVE
2024-10,OF02036,Pinjaman yang diterima,173.17,6.48,0.94,ACTIVE
2024-10,OF02037,Surat Berharga Diterbitkan,351.2,5.99,1.75,ACTIVE
2024-10,OF02038,Pinjaman yang diterima,311.63,6.62,1.72,ACTIVE
2024-10,OF02040,Pinjaman yang diterima,277.88,6.48,1.5,ACTIVE
2024-10,OF02041,Pinjaman yang diterima,110.59,6.67,0.61,ACTIVE
2024-10,OF02042,Pinjaman yang diterima,141.32,6.34,0.75,ACTIVE
2024-10,OF02046,Pinjaman yang diterima,105.7,6.69,0.59,ACTIVE
2024-11,OF02024,Pinjaman yang diterima,286.66,6.4,1.53,ACTIVE
2024-11,OF02027,Pinjaman yang diterima,240.22,6.26,1.25,ACTIVE
2024-11,OF02028,Surat Berharga Diterbitkan,244.56,6.17,1.26,ACTIVE
2024-11,OF02030,Pinjaman yang diterima,162.37,6.44,0.87,ACTIVE
2024-11,OF02033,Surat Berharga Diterbitkan,248.12,6.08,1.26,ACTIVE
2024-11,OF02034,Pinjaman yang diterima,302.3,6.59,1.66,ACTIVE
2024-11,OF02035,Pinjaman yang diterima,82.83,6.3,0.43,ACTIVE
2024-11,OF02036,Pinjaman yang diterima,146.22,6.48,0.79,ACTIVE
2024-11,OF02037,Surat Berharga Diterbitkan,296.44,5.99,1.48,ACTIVE
2024-11,OF02038,Pinjaman yang diterima,262.98,6.62,1.45,ACTIVE
2024-11,OF02039,Pinjaman yang diterima,231.22,6.51,1.25,ACTIVE
2024-11,OF02040,Pinjaman yang diterima,234.52,6.48,1.27,ACTIVE
2024-11,OF02041,Pinjaman yang diterima,93.32,6.67,0.52,ACTIVE
2024-11,OF02042,Pinjaman yang diterima,119.29,6.34,0.63,ACTIVE
2024-11,OF02046,Pinjaman yang diterima,89.2,6.69,0.5,ACTIVE
2024-11,OF02047,Pinjaman yang diterima,159.75,6.38,0.85,ACTIVE
2024-12,OF02024,Pinjaman yang diterima,283.98,6.4,1.51,ACTIVE
2024-12,OF02027,Pinjaman yang diterima,237.98,6.26,1.24,ACTIVE
2024-12,OF02028,Surat Berharga Diterbitkan,242.3,6.17,1.25,ACTIVE
2024-12,OF02030,Pinjaman yang diterima,160.83,6.44,0.86,ACTIVE
2024-12,OF02033,Surat Berharga Diterbitkan,245.73,6.08,1.25,ACTIVE
2024-12,OF02034,Pinjaman yang diterima,299.36,6.59,1.64,ACTIVE
2024-12,OF02035,Pinjaman yang diterima,82.11,6.3,0.43,ACTIVE
2024-12,OF02036,Pinjaman yang diterima,144.88,6.48,0.78,ACTIVE
2024-12,OF02037,Surat Berharga Diterbitkan,293.64,5.99,1.47,ACTIVE
2024-12,OF02038,Pinjaman yang diterima,260.44,6.62,1.44,ACTIVE
2024-12,OF02039,Pinjaman yang diterima,229.19,6.51,1.24,ACTIVE
2024-12,OF02040,Pinjaman yang diterima,232.28,6.48,1.25,ACTIVE
2024-12,OF02041,Pinjaman yang diterima,92.41,6.67,0.51,ACTIVE
2024-12,OF02042,Pinjaman yang diterima,118.18,6.34,0.62,ACTIVE
2024-12,OF02046,Pinjaman yang diterima,88.34,6.69,0.49,ACTIVE
2024-12,OF02047,Pinjaman yang diterima,158.35,6.38,0.84,ACTIVE
2025-01,OF02024,Pinjaman yang diterima,253.25,6.4,1.35,ACTIVE
2025-01,OF02026,Pinjaman yang diterima,73.18,6.53,0.4,ACTIVE
2025-01,OF02027,Pinjaman yang diterima,212.22,6.26,1.11,ACTIVE
2025-01,OF02028,Surat Berharga Diterbitkan,216.1,6.17,1.11,ACTIVE
2025-01,OF02030,Pinjaman yang diterima,143.41,6.44,0.77,ACTIVE
2025-01,OF02033,Surat Berharga Diterbitkan,219.07,6.08,1.11,ACTIVE
2025-01,OF02034,Pinjaman yang diterima,266.87,6.59,1.47,ACTIVE
2025-01,OF02035,Pinjaman yang diterima,73.26,6.3,0.38,ACTIVE
2025-01,OF02036,Pinjaman yang diterima,129.23,6.48,0.7,ACTIVE
2025-01,OF02037,Surat Berharga Diterbitkan,261.83,5.99,1.31,ACTIVE
2025-01,OF02038,Pinjaman yang diterima,232.18,6.62,1.28,ACTIVE
2025-01,OF02039,Pinjaman yang diterima,204.5,6.51,1.11,ACTIVE
2025-01,OF02040,Pinjaman yang diterima,207.1,6.48,1.12,ACTIVE
2025-01,OF02041,Pinjaman yang diterima,82.37,6.67,0.46,ACTIVE
2025-01,OF02042,Pinjaman yang diterima,105.39,6.34,0.56,ACTIVE
2025-01,OF02046,Pinjaman yang diterima,78.75,6.69,0.44,ACTIVE
2025-01,OF02047,Pinjaman yang diterima,141.29,6.38,0.75,ACTIVE
2025-02,OF02024,Pinjaman yang diterima,223.32,6.4,1.19,ACTIVE
2025-02,OF02026,Pinjaman yang diterima,64.58,6.53,0.35,ACTIVE
2025-02,OF02027,Pinjaman yang diterima,187.15,6.26,0.98,ACTIVE
2025-02,OF02028,Surat Berharga Diterbitkan,190.59,6.17,0.98,ACTIVE
2025-02,OF02029,Pinjaman yang diterima,127.54,6.57,0.7,ACTIVE
2025-02,OF02030,Pinjaman yang diterima,126.45,6.44,0.68,ACTIVE
2025-02,OF02032,Surat Berharga Diterbitkan,51.13,6.23,0.27,ACTIVE
2025-02,OF02033,Surat Berharga Diterbitkan,193.12,6.08,0.98,ACTIVE
2025-02,OF02034,Pinjaman yang diterima,235.22,6.59,1.29,ACTIVE
2025-02,OF02035,Pinjaman yang diterima,64.64,6.3,0.34,ACTIVE
2025-02,OF02036,Pinjaman yang diterima,113.99,6.48,0.62,ACTIVE
2025-02,OF02037,Surat Berharga Diterbitkan,230.87,5.99,1.15,ACTIVE
2025-02,OF02038,Pinjaman yang diterima,204.69,6.62,1.13,ACTIVE
2025-02,OF02039,Pinjaman yang diterima,180.44,6.51,0.98,ACTIVE
2025-02,OF02040,Pinjaman yang diterima,182.59,6.48,0.99,ACTIVE
2025-02,OF02041,Pinjaman yang diterima,72.61,6.67,0.4,ACTIVE
2025-02,OF02042,Pinjaman yang diterima,92.94,6.34,0.49,ACTIVE
2025-02,OF02043,Pinjaman yang diterima,83.36,6.45,0.45,ACTIVE
2025-02,OF02044,Pinjaman yang diterima,49.88,6.56,0.27,ACTIVE
2025-02,OF02045,Pinjaman yang diterima,45.79,6.36,0.24,ACTIVE
2025-02,OF02046,Pinjaman yang diterima,69.43,6.69,0.39,ACTIVE
2025-02,OF02047,Pinjaman yang diterima,124.67,6.38,0.66,ACTIVE
2025-03,OF02024,Pinjaman yang diterima,224.68,6.4,1.2,ACTIVE
2025-03,OF02026,Pinjaman yang diterima,65.02,6.53,0.35,ACTIVE
2025-03,OF02027,Pinjaman yang diterima,188.28,6.26,0.98,ACTIVE
2025-03,OF02028,Surat Berharga Diterbitkan,191.77,6.17,0.99,ACTIVE
2025-03,OF02029,Pinjaman yang diterima,128.43,6.57,0.7,ACTIVE
2025-03,OF02030,Pinjaman yang diterima,127.21,6.44,0.68,ACTIVE
2025-03,OF02032,Surat Berharga Diterbitkan,51.49,6.23,0.27,ACTIVE
2025-03,OF02033,Surat Berharga Diterbitkan,194.24,6.08,0.98,ACTIVE
2025-03,OF02034,Pinjaman yang diterima,234.28,6.59,1.29,ACTIVE
2025-03,OF02035,Pinjaman yang diterima,65.07,6.3,0.34,ACTIVE
2025-03,OF02036,Pinjaman yang diterima,114.7,6.48,0.62,ACTIVE
2025-03,OF02037,Surat Berharga Diterbitkan,232.25,5.99,1.16,ACTIVE
2025-03,OF02038,Pinjaman yang diterima,205.87,6.62,1.14,ACTIVE
2025-03,OF02039,Pinjaman yang diterima,181.64,6.51,0.99,ACTIVE
2025-03,OF02040,Pinjaman yang diterima,183.66,6.48,0.99,ACTIVE
2025-03,OF02041,Pinjaman yang diterima,72.31,6.67,0.4,ACTIVE
2025-03,OF02042,Pinjaman yang diterima,93.5,6.34,0.49,ACTIVE
2025-03,OF02043,Pinjaman yang diterima,83.94,6.45,0.45,ACTIVE
2025-03,OF02044,Pinjaman yang diterima,50.23,6.56,0.27,ACTIVE
2025-03,OF02045,Pinjaman yang diterima,46.11,6.36,0.24,ACTIVE
2025-03,OF02046,Pinjaman yang diterima,69.83,6.69,0.39,ACTIVE
2025-03,OF02047,Pinjaman yang diterima,125.49,6.38,0.67,ACTIVE
2025-04,OF02024,Pinjaman yang diterima,206.5,6.4,1.1,ACTIVE
2025-04,OF02025,Surat Berharga Diterbitkan,157.89,5.91,0.78,ACTIVE
2025-04,OF02026,Pinjaman yang diterima,59.81,6.53,0.33,ACTIVE
2025-04,OF02027,Pinjaman yang diterima,173.05,6.26,0.9,ACTIVE
2025-04,OF02028,Surat Berharga Diterbitkan,176.27,6.17,0.91,ACTIVE
2025-04,OF02029,Pinjaman yang diterima,118.14,6.57,0.65,ACTIVE
2025-04,OF02030,Pinjaman yang diterima,116.9,6.44,0.63,ACTIVE
2025-04,OF02031,Pinjaman yang diterima,100.83,6.5,0.55,ACTIVE
2025-04,OF02032,Surat Berharga Diterbitkan,47.36,6.23,0.25,ACTIVE
2025-04,OF02033,Surat Berharga Diterbitkan,176.74,6.08,0.9,ACTIVE
2025-04,OF02034,Pinjaman yang diterima,213.16,6.59,1.17,ACTIVE
2025-04,OF02035,Pinjaman yang diterima,59.84,6.3,0.31,ACTIVE
2025-04,OF02036,Pinjaman yang diterima,105.44,6.48,0.57,ACTIVE
2025-04,OF02037,Surat Berharga Diterbitkan,213.43,5.99,1.07,ACTIVE
2025-04,OF02038,Pinjaman yang diterima,187.32,6.62,1.03,ACTIVE
2025-04,OF02039,Pinjaman yang diterima,167.03,6.51,0.91,ACTIVE
2025-04,OF02040,Pinjaman yang diterima,168.77,6.48,0.91,ACTIVE
2025-04,OF02041,Pinjaman yang diterima,65.8,6.67,0.37,ACTIVE
2025-04,OF02042,Pinjaman yang diterima,85.94,6.34,0.45,ACTIVE
2025-04,OF02043,Pinjaman yang diterima,77.22,6.45,0.42,ACTIVE
2025-04,OF02044,Pinjaman yang diterima,46.2,6.56,0.25,ACTIVE
2025-04,OF02045,Pinjaman yang diterima,42.42,6.36,0.22,ACTIVE
2025-04,OF02046,Pinjaman yang diterima,63.54,6.69,0.35,ACTIVE
2025-04,OF02047,Pinjaman yang diterima,115.4,6.38,0.61,ACTIVE
2025-05,OF02024,Pinjaman yang diterima,208.11,6.4,1.11,ACTIVE
2025-05,OF02025,Surat Berharga Diterbitkan,159.3,5.91,0.78,ACTIVE
2025-05,OF02026,Pinjaman yang diterima,60.32,6.53,0.33,ACTIVE
2025-05,OF02027,Pinjaman yang diterima,174.4,6.26,0.91,ACTIVE
2025-05,OF02028,Surat Berharga Diterbitkan,177.66,6.17,0.91,ACTIVE
2025-05,OF02029,Pinjaman yang diterima,119.17,6.57,0.65,ACTIVE
2025-05,OF02030,Pinjaman yang diterima,117.8,6.44,0.63,ACTIVE
2025-05,OF02031,Pinjaman yang diterima,101.73,6.5,0.55,ACTIVE
2025-05,OF02032,Surat Berharga Diterbitkan,47.77,6.23,0.25,ACTIVE
2025-05,OF02033,Surat Berharga Diterbitkan,176.35,6.08,0.89,ACTIVE
2025-05,OF02034,Pinjaman yang diterima,212.69,6.59,1.17,ACTIVE
2025-05,OF02035,Pinjaman yang diterima,60.34,6.3,0.32,ACTIVE
2025-05,OF02036,Pinjaman yang diterima,106.29,6.48,0.57,ACTIVE
2025-05,OF02037,Surat Berharga Diterbitkan,215.05,5.99,1.07,ACTIVE
2025-05,OF02038,Pinjaman yang diterima,186.91,6.62,1.03,ACTIVE
2025-05,OF02039,Pinjaman yang diterima,168.42,6.51,0.91,ACTIVE
2025-05,OF02040,Pinjaman yang diterima,168.4,6.48,0.91,ACTIVE
2025-05,OF02041,Pinjaman yang diterima,65.65,6.67,0.36,ACTIVE
2025-05,OF02042,Pinjaman yang diterima,86.61,6.34,0.46,ACTIVE
2025-05,OF02043,Pinjaman yang diterima,77.89,6.45,0.42,ACTIVE
2025-05,OF02044,Pinjaman yang diterima,46.6,6.56,0.25,ACTIVE
2025-05,OF02045,Pinjaman yang diterima,42.78,6.36,0.23,ACTIVE
2025-05,OF02046,Pinjaman yang diterima,63.4,6.69,0.35,ACTIVE
2025-05,OF02047,Pinjaman yang diterima,116.36,6.38,0.62,ACTIVE
2025-06,OF02024,Pinjaman yang diterima,239.11,6.4,1.28,ACTIVE
2025-06,OF02025,Surat Berharga Diterbitkan,183.22,5.91,0.9,ACTIVE
2025-06,OF02026,Pinjaman yang diterima,69.35,6.53,0.38,ACTIVE
2025-06,OF02027,Pinjaman yang diterima,200.37,6.26,1.05,ACTIVE
2025-06,OF02028,Surat Berharga Diterbitkan,204.14,6.17,1.05,ACTIVE
2025-06,OF02029,Pinjaman yang diterima,137.03,6.57,0.75,ACTIVE
2025-06,OF02030,Pinjaman yang diterima,134.02,6.44,0.72,ACTIVE
2025-06,OF02031,Pinjaman yang diterima,117.01,6.5,0.63,ACTIVE
2025-06,OF02032,Surat Berharga Diterbitkan,54.93,6.23,0.29,ACTIVE
2025-06,OF02034,Pinjaman yang diterima,241.98,6.59,1.33,ACTIVE
2025-06,OF02035,Pinjaman yang diterima,69.36,6.3,0.36,ACTIVE
2025-06,OF02036,Pinjaman yang diterima,122.14,6.48,0.66,ACTIVE
2025-06,OF02037,Surat Berharga Diterbitkan,244.71,5.99,1.22,ACTIVE
2025-06,OF02039,Pinjaman yang diterima,193.6,6.51,1.05,ACTIVE
2025-06,OF02040,Pinjaman yang diterima,191.59,6.48,1.03,ACTIVE
2025-06,OF02041,Pinjaman yang diterima,74.69,6.67,0.42,ACTIVE
2025-06,OF02042,Pinjaman yang diterima,99.51,6.34,0.53,ACTIVE
2025-06,OF02043,Pinjaman yang diterima,89.56,6.45,0.48,ACTIVE
2025-06,OF02044,Pinjaman yang diterima,53.59,6.56,0.29,ACTIVE
2025-06,OF02045,Pinjaman yang diterima,49.2,6.36,0.26,ACTIVE
2025-06,OF02046,Pinjaman yang diterima,72.13,6.69,0.4,ACTIVE
2025-06,OF02047,Pinjaman yang diterima,133.76,6.38,0.71,ACTIVE
2025-07,OF02024,Pinjaman yang diterima,239.08,6.4,1.28,ACTIVE
2025-07,OF02025,Surat Berharga Diterbitkan,185.19,5.91,0.91,ACTIVE
2025-07,OF02026,Pinjaman yang diterima,70.07,6.53,0.38,ACTIVE
2025-07,OF02027,Pinjaman yang diterima,200.35,6.26,1.05,ACTIVE
2025-07,OF02028,Surat Berharga Diterbitkan,206.14,6.17,1.06,ACTIVE
2025-07,OF02029,Pinjaman yang diterima,138.47,6.57,0.76,ACTIVE
2025-07,OF02030,Pinjaman yang diterima,134.01,6.44,0.72,ACTIVE
2025-07,OF02031,Pinjaman yang diterima,118.26,6.5,0.64,ACTIVE
2025-07,OF02032,Surat Berharga Diterbitkan,55.51,6.23,0.29,ACTIVE
2025-07,OF02034,Pinjaman yang diterima,241.94,6.59,1.33,ACTIVE
2025-07,OF02035,Pinjaman yang diterima,70.06,6.3,0.37,ACTIVE
2025-07,OF02036,Pinjaman yang diterima,123.35,6.48,0.67,ACTIVE
2025-07,OF02037,Surat Berharga Diterbitkan,244.67,5.99,1.22,ACTIVE
2025-07,OF02039,Pinjaman yang diterima,195.57,6.51,1.06,ACTIVE
2025-07,OF02040,Pinjaman yang diterima,191.56,6.48,1.03,ACTIVE
2025-07,OF02041,Pinjaman yang diterima,74.68,6.67,0.42,ACTIVE
2025-07,OF02042,Pinjaman yang diterima,99.49,6.34,0.53,ACTIVE
2025-07,OF02043,Pinjaman yang diterima,90.5,6.45,0.49,ACTIVE
2025-07,OF02044,Pinjaman yang diterima,54.15,6.56,0.3,ACTIVE
2025-07,OF02045,Pinjaman yang diterima,49.71,6.36,0.26,ACTIVE
2025-07,OF02046,Pinjaman yang diterima,72.12,6.69,0.4,ACTIVE
2025-07,OF02047,Pinjaman yang diterima,135.12,6.38,0.72,ACTIVE
2025-08,OF02024,Pinjaman yang diterima,239.2,6.4,1.28,ACTIVE
2025-08,OF02025,Surat Berharga Diterbitkan,187.28,5.91,0.92,ACTIVE
2025-08,OF02026,Pinjaman yang diterima,70.84,6.53,0.39,ACTIVE
2025-08,OF02027,Pinjaman yang diterima,200.45,6.26,1.05,ACTIVE
2025-08,OF02028,Surat Berharga Diterbitkan,206.25,6.17,1.06,ACTIVE
2025-08,OF02029,Pinjaman yang diterima,140.0,6.57,0.77,ACTIVE
2025-08,OF02030,Pinjaman yang diterima,134.08,6.44,0.72,ACTIVE
2025-08,OF02031,Pinjaman yang diterima,119.6,6.5,0.65,ACTIVE
2025-08,OF02032,Surat Berharga Diterbitkan,56.13,6.23,0.29,ACTIVE
2025-08,OF02034,Pinjaman yang diterima,242.07,6.59,1.33,ACTIVE
2025-08,OF02035,Pinjaman yang diterima,70.82,6.3,0.37,ACTIVE
2025-08,OF02036,Pinjaman yang diterima,124.63,6.48,0.67,ACTIVE
2025-08,OF02037,Surat Berharga Diterbitkan,244.81,5.99,1.22,ACTIVE
2025-08,OF02039,Pinjaman yang diterima,197.67,6.51,1.07,ACTIVE
2025-08,OF02040,Pinjaman yang diterima,191.66,6.48,1.03,ACTIVE
2025-08,OF02041,Pinjaman yang diterima,74.72,6.67,0.42,ACTIVE
2025-08,OF02042,Pinjaman yang diterima,99.55,6.34,0.53,ACTIVE
2025-08,OF02043,Pinjaman yang diterima,91.5,6.45,0.49,ACTIVE
2025-08,OF02044,Pinjaman yang diterima,54.75,6.56,0.3,ACTIVE
2025-08,OF02045,Pinjaman yang diterima,50.27,6.36,0.27,ACTIVE
2025-08,OF02046,Pinjaman yang diterima,72.15,6.69,0.4,ACTIVE
2025-08,OF02047,Pinjaman yang diterima,136.57,6.38,0.73,ACTIVE
2025-09,OF02024,Pinjaman yang diterima,239.43,6.4,1.28,ACTIVE
2025-09,OF02025,Surat Berharga Diterbitkan,189.45,5.91,0.93,ACTIVE
2025-09,OF02026,Pinjaman yang diterima,71.64,6.53,0.39,ACTIVE
2025-09,OF02027,Pinjaman yang diterima,200.64,6.26,1.05,ACTIVE
2025-09,OF02028,Surat Berharga Diterbitkan,206.44,6.17,1.06,ACTIVE
2025-09,OF02029,Pinjaman yang diterima,141.6,6.57,0.78,ACTIVE
2025-09,OF02030,Pinjaman yang diterima,134.2,6.44,0.72,ACTIVE
2025-09,OF02031,Pinjaman yang diterima,120.98,6.5,0.66,ACTIVE
2025-09,OF02032,Surat Berharga Diterbitkan,56.76,6.23,0.29,ACTIVE
2025-09,OF02034,Pinjaman yang diterima,242.3,6.59,1.33,ACTIVE
2025-09,OF02035,Pinjaman yang diterima,71.6,6.3,0.38,ACTIVE
2025-09,OF02036,Pinjaman yang diterima,124.75,6.48,0.67,ACTIVE
2025-09,OF02037,Surat Berharga Diterbitkan,245.03,5.99,1.22,ACTIVE
2025-09,OF02039,Pinjaman yang diterima,199.86,6.51,1.08,ACTIVE
2025-09,OF02040,Pinjaman yang diterima,191.84,6.48,1.04,ACTIVE
2025-09,OF02041,Pinjaman yang diterima,74.79,6.67,0.42,ACTIVE
2025-09,OF02042,Pinjaman yang diterima,99.64,6.34,0.53,ACTIVE
2025-09,OF02043,Pinjaman yang diterima,92.54,6.45,0.5,ACTIVE
2025-09,OF02044,Pinjaman yang diterima,55.37,6.56,0.3,ACTIVE
2025-09,OF02045,Pinjaman yang diterima,50.84,6.36,0.27,ACTIVE
2025-09,OF02046,Pinjaman yang diterima,72.22,6.69,0.4,ACTIVE
2025-09,OF02047,Pinjaman yang diterima,138.08,6.38,0.73,ACTIVE
2025-10,OF02024,Pinjaman yang diterima,239.65,6.4,1.28,ACTIVE
2025-10,OF02025,Surat Berharga Diterbitkan,191.62,5.91,0.94,ACTIVE
2025-10,OF02026,Pinjaman yang diterima,72.44,6.53,0.39,ACTIVE
2025-10,OF02027,Pinjaman yang diterima,200.83,6.26,1.05,ACTIVE
2025-10,OF02028,Surat Berharga Diterbitkan,206.63,6.17,1.06,ACTIVE
2025-10,OF02029,Pinjaman yang diterima,143.19,6.57,0.78,ACTIVE
2025-10,OF02030,Pinjaman yang diterima,134.33,6.44,0.72,ACTIVE
2025-10,OF02031,Pinjaman yang diterima,122.37,6.5,0.66,ACTIVE
2025-10,OF02032,Surat Berharga Diterbitkan,57.4,6.23,0.3,ACTIVE
2025-10,OF02034,Pinjaman yang diterima,242.52,6.59,1.33,ACTIVE
2025-10,OF02035,Pinjaman yang diterima,72.38,6.3,0.38,ACTIVE
2025-10,OF02036,Pinjaman yang diterima,124.87,6.48,0.67,ACTIVE
2025-10,OF02037,Surat Berharga Diterbitkan,245.25,5.99,1.22,ACTIVE
2025-10,OF02039,Pinjaman yang diterima,202.04,6.51,1.1,ACTIVE
2025-10,OF02040,Pinjaman yang diterima,192.02,6.48,1.04,ACTIVE
2025-10,OF02041,Pinjaman yang diterima,74.86,6.67,0.42,ACTIVE
2025-10,OF02042,Pinjaman yang diterima,99.73,6.34,0.53,ACTIVE
2025-10,OF02043,Pinjaman yang diterima,93.58,6.45,0.5,ACTIVE
2025-10,OF02044,Pinjaman yang diterima,56.0,6.56,0.31,ACTIVE
2025-10,OF02045,Pinjaman yang diterima,51.41,6.36,0.27,ACTIVE
2025-10,OF02046,Pinjaman yang diterima,72.29,6.69,0.4,ACTIVE
2025-10,OF02047,Pinjaman yang diterima,139.59,6.38,0.74,ACTIVE
2025-11,OF02024,Pinjaman yang diterima,239.87,6.4,1.28,ACTIVE
2025-11,OF02025,Surat Berharga Diterbitkan,193.8,5.91,0.95,ACTIVE
2025-11,OF02026,Pinjaman yang diterima,73.24,6.53,0.4,ACTIVE
2025-11,OF02027,Pinjaman yang diterima,201.01,6.26,1.05,ACTIVE
2025-11,OF02028,Surat Berharga Diterbitkan,206.82,6.17,1.06,ACTIVE
2025-11,OF02029,Pinjaman yang diterima,144.78,6.57,0.79,ACTIVE
2025-11,OF02030,Pinjaman yang diterima,134.45,6.44,0.72,ACTIVE
2025-11,OF02031,Pinjaman yang diterima,123.76,6.5,0.67,ACTIVE
2025-11,OF02032,Surat Berharga Diterbitkan,58.04,6.23,0.3,ACTIVE
2025-11,OF02034,Pinjaman yang diterima,242.75,6.59,1.33,ACTIVE
2025-11,OF02035,Pinjaman yang diterima,73.17,6.3,0.38,ACTIVE
2025-11,OF02036,Pinjaman yang diterima,124.98,6.48,0.67,ACTIVE
2025-11,OF02037,Surat Berharga Diterbitkan,245.46,5.99,1.23,ACTIVE
2025-11,OF02039,Pinjaman yang diterima,204.23,6.51,1.11,ACTIVE
2025-11,OF02040,Pinjaman yang diterima,192.2,6.48,1.04,ACTIVE
2025-11,OF02041,Pinjaman yang diterima,74.93,6.67,0.42,ACTIVE
2025-11,OF02042,Pinjaman yang diterima,99.82,6.34,0.53,ACTIVE
2025-11,OF02043,Pinjaman yang diterima,94.63,6.45,0.51,ACTIVE
2025-11,OF02044,Pinjaman yang diterima,56.62,6.56,0.31,ACTIVE
2025-11,OF02045,Pinjaman yang diterima,51.98,6.36,0.28,ACTIVE
2025-11,OF02046,Pinjaman yang diterima,72.36,6.69,0.4,ACTIVE
2025-11,OF02047,Pinjaman yang diterima,141.1,6.38,0.75,ACTIVE
2025-12,OF02024,Pinjaman yang diterima,240.41,6.4,1.28,ACTIVE
2025-12,OF02025,Surat Berharga Diterbitkan,196.24,5.91,0.97,ACTIVE
2025-12,OF02026,Pinjaman yang diterima,74.14,6.53,0.4,ACTIVE
2025-12,OF02027,Pinjaman yang diterima,201.47,6.26,1.05,ACTIVE
2025-12,OF02028,Surat Berharga Diterbitkan,207.29,6.17,1.07,ACTIVE
2025-12,OF02029,Pinjaman yang diterima,146.57,6.57,0.8,ACTIVE
2025-12,OF02030,Pinjaman yang diterima,134.75,6.44,0.72,ACTIVE
2025-12,OF02031,Pinjaman yang diterima,125.32,6.5,0.68,ACTIVE
2025-12,OF02032,Surat Berharga Diterbitkan,58.76,6.23,0.31,ACTIVE
2025-12,OF02034,Pinjaman yang diterima,243.29,6.59,1.34,ACTIVE
2025-12,OF02035,Pinjaman yang diterima,73.33,6.3,0.38,ACTIVE
2025-12,OF02036,Pinjaman yang diterima,125.26,6.48,0.68,ACTIVE
2025-12,OF02037,Surat Berharga Diterbitkan,246.02,5.99,1.23,ACTIVE
2025-12,OF02039,Pinjaman yang diterima,204.69,6.51,1.11,ACTIVE
2025-12,OF02040,Pinjaman yang diterima,192.63,6.48,1.04,ACTIVE
2025-12,OF02041,Pinjaman yang diterima,75.1,6.67,0.42,ACTIVE
2025-12,OF02042,Pinjaman yang diterima,100.05,6.34,0.53,ACTIVE
2025-12,OF02043,Pinjaman yang diterima,95.8,6.45,0.51,ACTIVE
2025-12,OF02044,Pinjaman yang diterima,57.32,6.56,0.31,ACTIVE
2025-12,OF02045,Pinjaman yang diterima,52.62,6.36,0.28,ACTIVE
2025-12,OF02046,Pinjaman yang diterima,72.52,6.69,0.4,ACTIVE
2025-12,OF02047,Pinjaman yang diterima,141.42,6.38,0.75,ACTIVE
2026-01,OF02024,Pinjaman yang diterima,234.69,6.4,1.25,ACTIVE
2026-01,OF02025,Surat Berharga Diterbitkan,193.52,5.91,0.95,ACTIVE
2026-01,OF02026,Pinjaman yang diterima,73.09,6.53,0.4,ACTIVE
2026-01,OF02027,Pinjaman yang diterima,196.67,6.26,1.03,ACTIVE
2026-01,OF02028,Surat Berharga Diterbitkan,202.36,6.17,1.04,ACTIVE
2026-01,OF02029,Pinjaman yang diterima,144.52,6.57,0.79,ACTIVE
2026-01,OF02030,Pinjaman yang diterima,131.55,6.44,0.71,ACTIVE
2026-01,OF02031,Pinjaman yang diterima,123.58,6.5,0.67,ACTIVE
2026-01,OF02032,Surat Berharga Diterbitkan,57.93,6.23,0.3,ACTIVE
2026-01,OF02034,Pinjaman yang diterima,237.5,6.59,1.3,ACTIVE
2026-01,OF02035,Pinjaman yang diterima,71.59,6.3,0.38,ACTIVE
2026-01,OF02036,Pinjaman yang diterima,122.28,6.48,0.66,ACTIVE
2026-01,OF02037,Surat Berharga Diterbitkan,240.16,5.99,1.2,ACTIVE
2026-01,OF02039,Pinjaman yang diterima,199.82,6.51,1.08,ACTIVE
2026-01,OF02040,Pinjaman yang diterima,188.05,6.48,1.02,ACTIVE
2026-01,OF02041,Pinjaman yang diterima,73.31,6.67,0.41,ACTIVE
2026-01,OF02042,Pinjaman yang diterima,97.67,6.34,0.52,ACTIVE
2026-01,OF02043,Pinjaman yang diterima,94.45,6.45,0.51,ACTIVE
2026-01,OF02044,Pinjaman yang diterima,56.52,6.56,0.31,ACTIVE
2026-01,OF02045,Pinjaman yang diterima,51.89,6.36,0.28,ACTIVE
2026-01,OF02046,Pinjaman yang diterima,70.79,6.69,0.39,ACTIVE
2026-01,OF02047,Pinjaman yang diterima,138.06,6.38,0.73,ACTIVE
2026-02,OF02024,Pinjaman yang diterima,235.3,6.4,1.25,ACTIVE
2026-02,OF02025,Surat Berharga Diterbitkan,195.98,5.91,0.97,ACTIVE
2026-02,OF02026,Pinjaman yang diterima,73.28,6.53,0.4,ACTIVE
2026-02,OF02027,Pinjaman yang diterima,197.18,6.26,1.03,ACTIVE
2026-02,OF02028,Surat Berharga Diterbitkan,202.88,6.17,1.04,ACTIVE
2026-02,OF02029,Pinjaman yang diterima,146.33,6.57,0.8,ACTIVE
2026-02,OF02030,Pinjaman yang diterima,131.89,6.44,0.71,ACTIVE
2026-02,OF02031,Pinjaman yang diterima,125.15,6.5,0.68,ACTIVE
2026-02,OF02032,Surat Berharga Diterbitkan,58.66,6.23,0.3,ACTIVE
2026-02,OF02034,Pinjaman yang diterima,238.12,6.59,1.31,ACTIVE
2026-02,OF02035,Pinjaman yang diterima,71.77,6.3,0.38,ACTIVE
2026-02,OF02036,Pinjaman yang diterima,122.6,6.48,0.66,ACTIVE
2026-02,OF02037,Surat Berharga Diterbitkan,240.79,5.99,1.2,ACTIVE
2026-02,OF02039,Pinjaman yang diterima,200.34,6.51,1.09,ACTIVE
2026-02,OF02040,Pinjaman yang diterima,188.53,6.48,1.02,ACTIVE
2026-02,OF02041,Pinjaman yang diterima,73.5,6.67,0.41,ACTIVE
2026-02,OF02042,Pinjaman yang diterima,97.92,6.34,0.52,ACTIVE
2026-02,OF02043,Pinjaman yang diterima,95.64,6.45,0.51,ACTIVE
2026-02,OF02044,Pinjaman yang diterima,57.22,6.56,0.31,ACTIVE
2026-02,OF02045,Pinjaman yang diterima,52.53,6.36,0.28,ACTIVE
2026-02,OF02046,Pinjaman yang diterima,70.98,6.69,0.4,ACTIVE
2026-02,OF02047,Pinjaman yang diterima,138.41,6.38,0.74,ACTIVE
2026-03,OF02024,Pinjaman yang diterima,236.22,6.4,1.26,ACTIVE
2026-03,OF02025,Surat Berharga Diterbitkan,198.72,5.91,0.98,ACTIVE
2026-03,OF02026,Pinjaman yang diterima,73.56,6.53,0.4,ACTIVE
2026-03,OF02027,Pinjaman yang diterima,197.95,6.26,1.03,ACTIVE
2026-03,OF02028,Surat Berharga Diterbitkan,203.67,6.17,1.05,ACTIVE
2026-03,OF02029,Pinjaman yang diterima,146.9,6.57,0.8,ACTIVE
2026-03,OF02030,Pinjaman yang diterima,132.4,6.44,0.71,ACTIVE
2026-03,OF02031,Pinjaman yang diterima,126.9,6.5,0.69,ACTIVE
2026-03,OF02032,Surat Berharga Diterbitkan,58.89,6.23,0.31,ACTIVE
2026-03,OF02034,Pinjaman yang diterima,239.05,6.59,1.31,ACTIVE
2026-03,OF02035,Pinjaman yang diterima,72.05,6.3,0.38,ACTIVE
2026-03,OF02036,Pinjaman yang diterima,123.08,6.48,0.66,ACTIVE
2026-03,OF02037,Surat Berharga Diterbitkan,241.73,5.99,1.21,ACTIVE
2026-03,OF02039,Pinjaman yang diterima,201.12,6.51,1.09,ACTIVE
2026-03,OF02040,Pinjaman yang diterima,189.27,6.48,1.02,ACTIVE
2026-03,OF02041,Pinjaman yang diterima,73.79,6.67,0.41,ACTIVE
2026-03,OF02042,Pinjaman yang diterima,98.3,6.34,0.52,ACTIVE
2026-03,OF02043,Pinjaman yang diterima,96.01,6.45,0.52,ACTIVE
2026-03,OF02044,Pinjaman yang diterima,57.45,6.56,0.31,ACTIVE
2026-03,OF02045,Pinjaman yang diterima,52.74,6.36,0.28,ACTIVE
2026-03,OF02046,Pinjaman yang diterima,71.25,6.69,0.4,ACTIVE
2026-03,OF02047,Pinjaman yang diterima,138.95,6.38,0.74,ACTIVE
2026-04,OF02024,Pinjaman yang diterima,257.67,6.4,1.37,ACTIVE
2026-04,OF02025,Surat Berharga Diterbitkan,218.91,5.91,1.08,ACTIVE
2026-04,OF02026,Pinjaman yang diterima,80.24,6.53,0.44,ACTIVE
2026-04,OF02027,Pinjaman yang diterima,215.93,6.26,1.13,ACTIVE
2026-04,OF02028,Surat Berharga Diterbitkan,222.17,6.17,1.14,ACTIVE
2026-04,OF02029,Pinjaman yang diterima,160.24,6.57,0.88,ACTIVE
2026-04,OF02030,Pinjaman yang diterima,144.43,6.44,0.78,ACTIVE
2026-04,OF02031,Pinjaman yang diterima,139.79,6.5,0.76,ACTIVE
2026-04,OF02032,Surat Berharga Diterbitkan,64.24,6.23,0.33,ACTIVE
2026-04,OF02034,Pinjaman yang diterima,260.76,6.59,1.43,ACTIVE
2026-04,OF02035,Pinjaman yang diterima,78.59,6.3,0.41,ACTIVE
2026-04,OF02036,Pinjaman yang diterima,134.26,6.48,0.73,ACTIVE
2026-04,OF02039,Pinjaman yang diterima,219.38,6.51,1.19,ACTIVE
2026-04,OF02040,Pinjaman yang diterima,206.46,6.48,1.11,ACTIVE
2026-04,OF02041,Pinjaman yang diterima,80.49,6.67,0.45,ACTIVE
2026-04,OF02042,Pinjaman yang diterima,107.23,6.34,0.57,ACTIVE
2026-04,OF02043,Pinjaman yang diterima,104.73,6.45,0.56,ACTIVE
2026-04,OF02044,Pinjaman yang diterima,62.66,6.56,0.34,ACTIVE
2026-04,OF02045,Pinjaman yang diterima,57.53,6.36,0.3,ACTIVE
2026-04,OF02046,Pinjaman yang diterima,77.72,6.69,0.43,ACTIVE
2026-04,OF02047,Pinjaman yang diterima,151.57,6.38,0.81,ACTIVE
2026-05,OF02024,Pinjaman yang diterima,272.5,6.4,1.45,ACTIVE
2026-05,OF02025,Surat Berharga Diterbitkan,231.51,5.91,1.14,ACTIVE
2026-05,OF02026,Pinjaman yang diterima,84.86,6.53,0.46,ACTIVE
2026-05,OF02027,Pinjaman yang diterima,228.36,6.26,1.19,ACTIVE
2026-05,OF02028,Surat Berharga Diterbitkan,234.96,6.17,1.21,ACTIVE
2026-05,OF02029,Pinjaman yang diterima,169.46,6.57,0.93,ACTIVE
2026-05,OF02030,Pinjaman yang diterima,152.74,6.44,0.82,ACTIVE
2026-05,OF02031,Pinjaman yang diterima,147.84,6.5,0.8,ACTIVE
2026-05,OF02032,Surat Berharga Diterbitkan,67.93,6.23,0.35,ACTIVE
2026-05,OF02034,Pinjaman yang diterima,275.79,6.59,1.51,ACTIVE
2026-05,OF02035,Pinjaman yang diterima,83.12,6.3,0.44,ACTIVE
2026-05,OF02036,Pinjaman yang diterima,141.98,6.48,0.77,ACTIVE
2026-05,OF02039,Pinjaman yang diterima,232.01,6.51,1.26,ACTIVE
2026-05,OF02040,Pinjaman yang diterima,218.34,6.48,1.18,ACTIVE
2026-05,OF02041,Pinjaman yang diterima,85.13,6.67,0.47,ACTIVE
2026-05,OF02042,Pinjaman yang diterima,113.4,6.34,0.6,ACTIVE
2026-05,OF02043,Pinjaman yang diterima,110.76,6.45,0.6,ACTIVE
2026-05,OF02044,Pinjaman yang diterima,66.27,6.56,0.36,ACTIVE
2026-05,OF02045,Pinjaman yang diterima,60.84,6.36,0.32,ACTIVE
2026-05,OF02046,Pinjaman yang diterima,82.2,6.69,0.46,ACTIVE
2026-06,OF02025,Surat Berharga Diterbitkan,277.09,5.91,1.36,ACTIVE
2026-06,OF02026,Pinjaman yang diterima,101.57,6.53,0.55,ACTIVE
2026-06,OF02027,Pinjaman yang diterima,273.32,6.26,1.43,ACTIVE
2026-06,OF02028,Surat Berharga Diterbitkan,281.22,6.17,1.45,ACTIVE
2026-06,OF02029,Pinjaman yang diterima,202.83,6.57,1.11,ACTIVE
2026-06,OF02030,Pinjaman yang diterima,182.82,6.44,0.98,ACTIVE
2026-06,OF02031,Pinjaman yang diterima,176.95,6.5,0.96,ACTIVE
2026-06,OF02032,Surat Berharga Diterbitkan,81.31,6.23,0.42,ACTIVE
2026-06,OF02034,Pinjaman yang diterima,330.08,6.59,1.81,ACTIVE
2026-06,OF02035,Pinjaman yang diterima,99.48,6.3,0.52,ACTIVE
2026-06,OF02036,Pinjaman yang diterima,169.94,6.48,0.92,ACTIVE
2026-06,OF02039,Pinjaman yang diterima,277.69,6.51,1.51,ACTIVE
2026-06,OF02041,Pinjaman yang diterima,101.89,6.67,0.57,ACTIVE
2026-06,OF02042,Pinjaman yang diterima,135.73,6.34,0.72,ACTIVE
2026-06,OF02043,Pinjaman yang diterima,132.56,6.45,0.71,ACTIVE
2026-06,OF02044,Pinjaman yang diterima,79.32,6.56,0.43,ACTIVE
2026-06,OF02045,Pinjaman yang diterima,72.82,6.36,0.39,ACTIVE
2026-06,OF02046,Pinjaman yang diterima,98.38,6.69,0.55,ACTIVE
2026-07,OF02025,Surat Berharga Diterbitkan,278.44,5.91,1.37,ACTIVE
2026-07,OF02026,Pinjaman yang diterima,102.07,6.53,0.56,ACTIVE
2026-07,OF02027,Pinjaman yang diterima,274.65,6.26,1.43,ACTIVE
2026-07,OF02028,Surat Berharga Diterbitkan,282.59,6.17,1.45,ACTIVE
2026-07,OF02029,Pinjaman yang diterima,203.82,6.57,1.12,ACTIVE
2026-07,OF02030,Pinjaman yang diterima,183.71,6.44,0.99,ACTIVE
2026-07,OF02031,Pinjaman yang diterima,177.81,6.5,0.96,ACTIVE
2026-07,OF02032,Surat Berharga Diterbitkan,81.71,6.23,0.42,ACTIVE
2026-07,OF02034,Pinjaman yang diterima,331.68,6.59,1.82,ACTIVE
2026-07,OF02035,Pinjaman yang diterima,99.97,6.3,0.52,ACTIVE
2026-07,OF02036,Pinjaman yang diterima,170.77,6.48,0.92,ACTIVE
2026-07,OF02039,Pinjaman yang diterima,279.05,6.51,1.51,ACTIVE
2026-07,OF02041,Pinjaman yang diterima,102.38,6.67,0.57,ACTIVE
2026-07,OF02042,Pinjaman yang diterima,136.39,6.34,0.72,ACTIVE
2026-07,OF02043,Pinjaman yang diterima,133.21,6.45,0.72,ACTIVE
2026-07,OF02044,Pinjaman yang diterima,79.71,6.56,0.44,ACTIVE
2026-07,OF02045,Pinjaman yang diterima,73.18,6.36,0.39,ACTIVE
2026-07,OF02046,Pinjaman yang diterima,98.86,6.69,0.55,ACTIVE
2026-08,OF02025,Surat Berharga Diterbitkan,313.44,5.91,1.54,ACTIVE
2026-08,OF02026,Pinjaman yang diterima,114.9,6.53,0.63,ACTIVE
2026-08,OF02027,Pinjaman yang diterima,309.17,6.26,1.61,ACTIVE
2026-08,OF02028,Surat Berharga Diterbitkan,318.11,6.17,1.64,ACTIVE
2026-08,OF02029,Pinjaman yang diterima,229.43,6.57,1.26,ACTIVE
2026-08,OF02030,Pinjaman yang diterima,206.8,6.44,1.11,ACTIVE
2026-08,OF02031,Pinjaman yang diterima,200.16,6.5,1.08,ACTIVE
2026-08,OF02032,Surat Berharga Diterbitkan,91.98,6.23,0.48,ACTIVE
2026-08,OF02035,Pinjaman yang diterima,112.53,6.3,0.59,ACTIVE
2026-08,OF02036,Pinjaman yang diterima,192.23,6.48,1.04,ACTIVE
2026-08,OF02039,Pinjaman yang diterima,314.12,6.51,1.7,ACTIVE
2026-08,OF02041,Pinjaman yang diterima,115.25,6.67,0.64,ACTIVE
2026-08,OF02042,Pinjaman yang diterima,153.54,6.34,0.81,ACTIVE
2026-08,OF02043,Pinjaman yang diterima,149.95,6.45,0.81,ACTIVE
2026-08,OF02044,Pinjaman yang diterima,89.73,6.56,0.49,ACTIVE
2026-08,OF02045,Pinjaman yang diterima,82.37,6.36,0.44,ACTIVE
2026-08,OF02046,Pinjaman yang diterima,111.29,6.69,0.62,ACTIVE
2026-09,OF02025,Surat Berharga Diterbitkan,365.5,5.91,1.8,ACTIVE
2026-09,OF02026,Pinjaman yang diterima,133.98,6.53,0.73,ACTIVE
2026-09,OF02027,Pinjaman yang diterima,360.52,6.26,1.88,ACTIVE
2026-09,OF02029,Pinjaman yang diterima,267.54,6.57,1.46,ACTIVE
2026-09,OF02030,Pinjaman yang diterima,241.14,6.44,1.29,ACTIVE
2026-09,OF02031,Pinjaman yang diterima,233.41,6.5,1.26,ACTIVE
2026-09,OF02032,Surat Berharga Diterbitkan,107.25,6.23,0.56,ACTIVE
2026-09,OF02035,Pinjaman yang diterima,131.23,6.3,0.69,ACTIVE
2026-09,OF02036,Pinjaman yang diterima,224.16,6.48,1.21,ACTIVE
2026-09,OF02039,Pinjaman yang diterima,366.3,6.51,1.99,ACTIVE
2026-09,OF02041,Pinjaman yang diterima,134.39,6.67,0.75,ACTIVE
2026-09,OF02042,Pinjaman yang diterima,179.04,6.34,0.95,ACTIVE
2026-09,OF02043,Pinjaman yang diterima,174.86,6.45,0.94,ACTIVE
2026-09,OF02044,Pinjaman yang diterima,104.63,6.56,0.57,ACTIVE
2026-09,OF02045,Pinjaman yang diterima,96.05,6.36,0.51,ACTIVE
